case concept:name,PO,GR,INV,match,gap
2000000002_00001,76210.0,76210.0,76210.0,True,0.0
2000000010_00001,1668264.0,1668264.0,1668264.0,True,0.0
2000000014_00001,17414.0,17414.0,17414.0,True,0.0
2000000015_00001,457836.0,457836.0,457836.0,True,0.0
2000000019_00001,502814.0,502814.0,502814.0,True,0.0
2000000020_00001,155884.0,155884.0,155884.0,True,0.0
2000000021_00001,277128.0,277128.0,277128.0,True,0.0
2000000024_00001,58196.0,58196.0,58196.0,True,0.0
2000000027_00001,6754.0,6754.0,6754.0,True,0.0
2000000028_00001,6754.0,6754.0,6754.0,True,0.0
2000000030_00001,549.0,549.0,1098.0,False,549.0
2000000034_00001,277128.0,277128.0,277128.0,True,0.0
2000000040_00001,3464.0,3464.0,3464.0,True,0.0
2000000055_00001,433012.0,433012.0,433012.0,True,0.0
2000000056_00001,41569.0,41569.0,41569.0,True,0.0
2000000057_00001,277128.0,277128.0,277128.0,True,0.0
2000000058_00001,339481.0,339481.0,339481.0,True,0.0
2000000059_00001,190525.0,190525.0,190525.0,True,0.0
2000000060_00001,356802.0,356802.0,356802.0,True,0.0
2000000061_00001,304840.0,304840.0,304840.0,True,0.0
2000000064_00001,259807.0,259807.0,259807.0,True,0.0
2000000065_00001,207846.0,207846.0,207846.0,True,0.0
2000000066_00001,294448.0,294448.0,294448.0,True,0.0
2000000067_00001,259807.0,259807.0,259807.0,True,0.0
2000000068_00001,381051.0,381051.0,381051.0,True,0.0
2000000069_00001,495366.0,495366.0,495366.0,True,0.0
2000000070_00001,242487.0,242487.0,242487.0,True,0.0
2000000071_00001,207846.0,207846.0,207846.0,True,0.0
2000000072_00001,346410.0,346410.0,346410.0,True,0.0
2000000078_00001,5897.0,5897.0,5897.0,True,0.0
2000000081_00001,60.0,60.0,60.0,True,0.0
2000000097_00001,11353.0,11353.0,11353.0,True,0.0
2000000101_00001,19875.0,19875.0,19875.0,True,0.0
2000000102_00001,132664.0,132664.0,132664.0,True,0.0
2000000114_00001,78912.0,78912.0,78912.0,True,0.0
2000000115_00001,2159297.0,2159297.0,2159297.0,True,0.0
2000000120_00001,54319.0,54319.0,54319.0,True,0.0
2000000122_00001,52537.0,52537.0,52537.0,True,0.0
2000000186_00001,24248.0,24248.0,24248.0,True,0.0
2000000193_00001,13847.0,13847.0,13847.0,True,0.0
2000000198_00001,86.0,86.0,86.0,True,0.0
2000000199_00001,3074.0,3074.0,3074.0,True,0.0
2000000206_00001,65817.0,65817.0,65817.0,True,0.0
2000000213_00001,28812.0,28812.0,28812.0,True,0.0
2000000217_00001,1732.0,1732.0,1732.0,True,0.0
2000000220_00001,69903.0,69903.0,69903.0,True,0.0
2000013423_00001,342656.0,342656.0,342656.0,True,0.0
2000013432_00001,33207.0,33207.0,33207.0,True,0.0
2000013440_00001,14630.0,14630.0,14630.0,True,0.0
2000013446_00001,42390.0,42390.0,42390.0,True,0.0
2000013448_00001,207846.0,207846.0,207846.0,True,0.0
2000013454_00001,311769.0,311769.0,311769.0,True,0.0
2000013455_00001,244219.0,244219.0,244219.0,True,0.0
2000013457_00001,93184.0,93184.0,93184.0,True,0.0
2000013458_00001,6495.0,6495.0,6495.0,True,0.0
2000013460_00001,121243.0,121243.0,121243.0,True,0.0
2000013462_00001,1931.0,1931.0,1931.0,True,0.0
2000013465_00001,60621.0,60621.0,60621.0,True,0.0
2000013467_00001,2494.0,2494.0,2494.0,True,0.0
2000013489_00001,866.0,866.0,866.0,True,0.0
2000013514_00001,31173.0,31173.0,31173.0,True,0.0
2000013521_00001,11344.0,11344.0,11344.0,True,0.0
2000013523_00001,76210.0,76210.0,76210.0,True,0.0
2000013529_00001,144378.0,144378.0,144378.0,True,0.0
2000013530_00001,98823.0,98823.0,98823.0,True,0.0
2000013547_00001,244219.0,244219.0,244219.0,True,0.0
2000013552_00001,428204.0,428204.0,428204.0,True,0.0
2000013555_00001,15022.0,15022.0,15022.0,True,0.0
2000013568_00001,268467.0,268467.0,268467.0,True,0.0
2000013569_00001,77076.0,77076.0,77076.0,True,0.0
2000013583_00001,11542.0,11542.0,11542.0,True,0.0
2000013588_00001,112398.0,112398.0,112398.0,True,0.0
2000013598_00001,336.0,336.0,336.0,True,0.0
2000013600_00001,1882857.0,1882857.0,3765715.0,False,1882858.0
2000013601_00001,32216.0,32216.0,32216.0,True,0.0
2000013606_00001,5872.0,5872.0,5872.0,True,0.0
2000013615_00001,301376.0,301376.0,301376.0,True,0.0
2000013622_00001,129903.0,129903.0,129903.0,True,0.0
2000013623_00001,44167.0,44167.0,44167.0,True,0.0
2000013625_00001,446.0,446.0,446.0,True,0.0
2000013626_00001,575.0,575.0,575.0,True,0.0
2000013635_00001,276.0,276.0,276.0,True,0.0
2000013657_00001,19782.0,19782.0,19782.0,True,0.0
2000013669_00001,24802.0,24802.0,24802.0,True,0.0
2000013673_00001,13112.0,13112.0,13112.0,True,0.0
2000013677_00001,124409.0,124409.0,124409.0,True,0.0
2000033451_00001,3117.0,3117.0,3117.0,True,0.0
2000033461_00001,657070.0,657070.0,657070.0,True,0.0
2000033462_00001,16844.0,16844.0,16844.0,True,0.0
2000033465_00001,1558.0,1558.0,1558.0,True,0.0
2000033466_00001,598854.0,598854.0,598854.0,True,0.0
2000033467_00001,7896.0,7896.0,7896.0,True,0.0
2000033485_00001,130356.0,130356.0,130356.0,True,0.0
2000033511_00001,23919.0,23919.0,23919.0,True,0.0
2000033513_00001,51961.0,51961.0,51961.0,True,0.0
2000033515_00001,2598.0,2598.0,2598.0,True,0.0
2000033530_00001,976876.0,976876.0,976876.0,True,0.0
2000033540_00001,133384.0,133384.0,133384.0,True,0.0
2000033562_00001,20147.0,20147.0,20147.0,True,0.0
2000033587_00001,433.0,433.0,433.0,True,0.0
2000033619_00001,10038.0,10038.0,10038.0,True,0.0
2000033620_00001,84801.0,84801.0,84801.0,True,0.0
2000052714_00001,69282.0,69282.0,69282.0,True,0.0
2000052726_00001,52028.0,52028.0,52028.0,True,0.0
2000052785_00001,108487.0,108487.0,108487.0,True,0.0
2000052850_00001,181659.0,181659.0,181659.0,True,0.0
4507000322_00010,8602.0,8602.0,8602.0,True,0.0
4507000322_00020,11236.0,11236.0,11236.0,True,0.0
4507000322_00030,4152.0,4152.0,4152.0,True,0.0
4507000322_00040,8939.0,8939.0,17878.0,False,8939.0
4507000322_00060,8812.0,8812.0,8812.0,True,0.0
4507000322_00080,8812.0,8812.0,8812.0,True,0.0
4507000322_00090,4215.0,4215.0,4215.0,True,0.0
4507000322_00100,11302.0,11302.0,11302.0,True,0.0
4507000322_00110,3257.0,3257.0,3257.0,True,0.0
4507000322_00120,8823.0,8823.0,8823.0,True,0.0
4507000322_00130,3257.0,3257.0,3257.0,True,0.0
4507000322_00140,8812.0,8812.0,8812.0,True,0.0
4507000322_00150,3257.0,3257.0,6514.0,False,3257.0
4507000322_00160,10426.0,10426.0,10426.0,True,0.0
4507000322_00170,3257.0,3257.0,3257.0,True,0.0
4507000322_00180,8812.0,8812.0,17625.0,False,8813.0
4507000322_00190,3257.0,3257.0,6514.0,False,3257.0
4507000322_00200,8812.0,8812.0,8812.0,True,0.0
4507000322_00210,3257.0,3257.0,3257.0,True,0.0
4507000322_00220,8812.0,8812.0,8812.0,True,0.0
4507000322_00230,2321.0,2321.0,2321.0,True,0.0
4507000322_00240,8812.0,8812.0,17625.0,False,8813.0
4507000430_00030,503204.0,503204.0,503204.0,True,0.0
4507000444_00010,481965.0,481965.0,963930.0,False,481965.0
4507000449_00020,10455.0,10455.0,10455.0,True,0.0
4507000449_00050,19219.0,19219.0,19219.0,True,0.0
4507000449_00090,29003.0,29003.0,29003.0,True,0.0
4507000451_00010,10935.0,10935.0,10935.0,True,0.0
4507000451_00020,29489.0,29489.0,29489.0,True,0.0
4507000470_00001,21.0,21.0,127.0,False,106.0
4507000471_00001,313.0,627.0,941.0,False,628.0
4507000676_00010,17320.0,17320.0,17320.0,True,0.0
4507000693_00010,1922576.0,1922576.0,1922576.0,True,0.0
4507000699_00010,519615.0,519615.0,519615.0,True,0.0
4507000709_00010,4243524.0,4243524.0,4243524.0,True,0.0
4507000806_00001,41.0,372.0,289.0,False,331.0
4507000808_00001,31.0,62.0,93.0,False,62.0
4507000854_00010,17355.0,17355.0,69420.0,False,52065.0
4507000879_00150,21128.0,21128.0,21128.0,True,0.0
4507000879_00160,34641.0,34641.0,34641.0,True,0.0
4507000879_00170,1732.0,1732.0,1732.0,True,0.0
4507000902_00010,8660.0,8660.0,17320.0,False,8660.0
4507000906_00010,8660.0,8660.0,8660.0,True,0.0
4507000906_00020,24248.0,24248.0,24248.0,True,0.0
4507000906_00030,8660.0,8660.0,8660.0,True,0.0
4507000906_00040,18455.0,18455.0,18455.0,True,0.0
4507000906_00050,15588.0,15588.0,15588.0,True,0.0
4507000906_00060,15588.0,15588.0,15588.0,True,0.0
4507000906_00070,24248.0,24248.0,24248.0,True,0.0
4507000906_00080,8660.0,8660.0,8660.0,True,0.0
4507000906_00090,3464.0,3464.0,3464.0,True,0.0
4507000906_00100,38105.0,38105.0,38105.0,True,0.0
4507000906_00110,8660.0,8660.0,8660.0,True,0.0
4507000916_00040,39.0,39.0,39.0,True,0.0
4507001103_00001,27.0,244.0,27.0,False,217.0
4507001104_00001,185.0,9067.0,370.0,False,8882.0
4507001106_00001,1030.0,1030.0,8244.0,False,7214.0
4507001238_00010,662.0,662.0,662.0,True,0.0
4507001247_00001,2338.0,2338.0,25720.0,False,23382.0
4507001261_00010,346410.0,346410.0,346410.0,True,0.0
4507001265_00010,155884.0,155884.0,155884.0,True,0.0
4507001276_00010,13856.0,13856.0,13856.0,True,0.0
4507001307_00010,8660.0,8660.0,8660.0,True,0.0
4507001308_00010,86602.0,86602.0,86602.0,True,0.0
4507001310_00001,477.0,7162.0,2387.0,False,6685.0
4507001320_00001,667.0,95385.0,6670.0,False,94718.0
4507001321_00001,251.0,28217.0,755.0,False,27966.0
4507001322_00001,1171.0,244834.0,14057.0,False,243663.0
4507001323_00001,708.0,33295.0,708.0,False,32587.0
4507001324_00001,675.0,58768.0,4052.0,False,58093.0
4507001325_00001,92.0,13478.0,553.0,False,13386.0
4507001339_00030,3552.0,3552.0,3552.0,True,0.0
4507001339_00040,3030.0,3030.0,3030.0,True,0.0
4507001341_00010,6884.0,6884.0,6884.0,True,0.0
4507001388_00060,2269.0,2269.0,2269.0,True,0.0
4507001443_00010,86600.0,86600.0,86600.0,True,0.0
4507001537_00001,25.0,51.0,25.0,False,26.0
4507001538_00001,12.0,50.0,62.0,False,50.0
4507001540_00001,595.0,595.0,3573.0,False,2978.0
4507001541_00001,9.0,19.0,19.0,False,10.0
4507001607_00010,692820.0,692820.0,692820.0,True,0.0
4507001607_00030,207846.0,207846.0,207846.0,True,0.0
4507001628_00010,59.0,59.0,59.0,True,0.0
4507001632_00020,417.0,417.0,417.0,True,0.0
4507001782_00010,35578.0,35578.0,35578.0,True,0.0
4507001814_00010,17320.0,17320.0,17320.0,True,0.0
4507001870_00001,19.0,139.0,238.0,False,219.0
4507001872_00001,595.0,595.0,2382.0,False,1787.0
4507001898_00010,51961.0,51961.0,51961.0,True,0.0
4507002028_00010,259.0,259.0,259.0,True,0.0
4507002109_00170,576.0,576.0,576.0,True,0.0
4507002116_00010,98467.0,98467.0,98467.0,True,0.0
4507002117_00010,19593.0,19593.0,19593.0,True,0.0
4507002153_00001,640.0,13458.0,7049.0,False,12818.0
4507002185_00010,2693.0,2693.0,2693.0,True,0.0
4507002185_00020,3142.0,3142.0,3142.0,True,0.0
4507002203_00001,12.0,116.0,77.0,False,104.0
4507002205_00001,1148.0,1148.0,3444.0,False,2296.0
4507002246_00030,1339.0,1339.0,1339.0,True,0.0
4507002246_00040,691.0,691.0,691.0,True,0.0
4507002246_00050,691.0,691.0,691.0,True,0.0
4507002290_00140,4485.0,4485.0,4485.0,True,0.0
4507002471_00001,27.0,27.0,27.0,True,0.0
4507002473_00001,1049.0,1049.0,3148.0,False,2099.0
4507002692_00020,1864.0,1864.0,1864.0,True,0.0
4507002732_00001,7.0,21.0,58.0,False,51.0
4507002811_00160,2247.0,2247.0,2247.0,True,0.0
4507003007_00001,675.0,2026.0,5403.0,False,4728.0
4507003017_00001,2338.0,2338.0,37412.0,False,35074.0
4507003023_00001,1513.0,342019.0,7566.0,False,340506.0
4507003028_00001,398.0,67767.0,2391.0,False,67369.0
4507003029_00001,839.0,210672.0,3357.0,False,209833.0
4507003034_00001,26.0,5818.0,690.0,False,5792.0
4507003044_00001,71.0,10020.0,213.0,False,9949.0
4507003045_00001,686.0,129685.0,9606.0,False,128999.0
4507003047_00001,41.0,83.0,124.0,False,83.0
4507003050_00001,927.0,927.0,3710.0,False,2783.0
4507003243_00020,207.0,207.0,207.0,True,0.0
4507003243_00030,207.0,207.0,207.0,True,0.0
4507003332_00010,35549.0,35549.0,35549.0,True,0.0
4507003345_00001,38.0,38.0,38.0,True,0.0
4507003374_00010,203890.0,203890.0,203890.0,True,0.0
4507003374_00020,258473.0,258473.0,258473.0,True,0.0
4507003374_00030,239291.0,239291.0,239291.0,True,0.0
4507003374_00040,110170.0,110170.0,110170.0,True,0.0
4507003374_00050,132652.0,132652.0,132652.0,True,0.0
4507003374_00060,123973.0,123973.0,123973.0,True,0.0
4507003374_00070,45365.0,45365.0,45365.0,True,0.0
4507003374_00080,161300.0,161300.0,161300.0,True,0.0
4507003374_00090,111126.0,111126.0,111126.0,True,0.0
4507003374_00100,84610.0,84610.0,84610.0,True,0.0
4507003374_00110,160274.0,160274.0,160274.0,True,0.0
4507003374_00120,272512.0,272512.0,272512.0,True,0.0
4507003374_00140,34556.0,34556.0,34556.0,True,0.0
4507003374_00150,116790.0,116790.0,116790.0,True,0.0
4507003374_00160,34008.0,34008.0,34008.0,True,0.0
4507003374_00170,22202.0,22202.0,22202.0,True,0.0
4507003374_00180,89420.0,89420.0,89420.0,True,0.0
4507003429_00010,128164.0,128164.0,128164.0,True,0.0
4507003429_00020,323365.0,323365.0,323365.0,True,0.0
4507003429_00030,6649.0,6649.0,6649.0,True,0.0
4507003429_00040,6283.0,6283.0,6283.0,True,0.0
4507003429_00050,1316.0,1316.0,1316.0,True,0.0
4507003620_00140,1340.0,1340.0,1340.0,True,0.0
4507003627_00001,23.0,1146.0,23.0,False,1123.0
4507003630_00001,1027.0,1027.0,4111.0,False,3084.0
4507003646_00010,134599.0,134599.0,134599.0,True,0.0
4507003650_00010,186608.0,186608.0,186608.0,True,0.0
4507003650_00020,1666.0,1666.0,1666.0,True,0.0
4507003652_00010,58894.0,58894.0,58894.0,True,0.0
4507003652_00020,8911.0,8911.0,8911.0,True,0.0
4507003653_00010,556871.0,556871.0,556871.0,True,0.0
4507003700_00150,1440.0,1440.0,1440.0,True,0.0
4507003708_00010,851.0,851.0,851.0,True,0.0
4507003739_00010,57834.0,57834.0,57834.0,True,0.0
4507003933_00010,29435.0,29435.0,29435.0,True,0.0
4507003947_00001,12.0,24.0,136.0,False,124.0
4507003964_00020,14968.0,14968.0,14968.0,True,0.0
4507003965_00050,87760.0,87760.0,87760.0,True,0.0
4507003965_00070,16674.0,16674.0,16674.0,True,0.0
4507003965_00100,3635.0,3635.0,3635.0,True,0.0
4507003965_00110,10813.0,10813.0,10813.0,True,0.0
4507003965_00120,75647.0,75647.0,75647.0,True,0.0
4507003965_00130,96725.0,96725.0,96725.0,True,0.0
4507003965_00140,43592.0,43592.0,43592.0,True,0.0
4507003965_00160,119824.0,119824.0,119824.0,True,0.0
4507003965_00170,77961.0,77961.0,77961.0,True,0.0
4507003965_00190,1286.0,1286.0,1286.0,True,0.0
4507003965_00200,11777.0,11777.0,11777.0,True,0.0
4507003965_00210,50196.0,50196.0,50196.0,True,0.0
4507003965_00220,12486.0,12486.0,12486.0,True,0.0
4507003965_00230,2179.0,2179.0,2179.0,True,0.0
4507003965_00250,775.0,775.0,775.0,True,0.0
4507003965_00260,84470.0,84470.0,84470.0,True,0.0
4507003966_00010,5322.0,5322.0,21289.0,False,15967.0
4507003981_00240,66.0,66.0,66.0,True,0.0
4507004023_00001,1368.0,20530.0,1368.0,False,19162.0
4507004047_00100,74.0,74.0,74.0,True,0.0
4507004188_00010,949.0,949.0,949.0,True,0.0
4507004188_00040,930.0,930.0,930.0,True,0.0
4507004188_00050,970.0,970.0,1941.0,False,971.0
4507004224_00140,627.0,627.0,627.0,True,0.0
4507004227_00060,629.0,629.0,629.0,True,0.0
4507004230_00001,1148.0,1148.0,3444.0,False,2296.0
4507004241_00001,890.0,37401.0,2671.0,False,36511.0
4507004242_00001,650.0,72895.0,17573.0,False,72245.0
4507004243_00001,721.0,79332.0,3606.0,False,78611.0
4507004244_00001,1195.0,142231.0,29880.0,False,141036.0
4507004245_00001,357.0,357.0,715.0,False,358.0
4507004246_00001,708.0,16293.0,2125.0,False,15585.0
4507004247_00001,2338.0,2338.0,44427.0,False,42089.0
4507004248_00001,675.0,1351.0,12834.0,False,12159.0
4507004249_00001,1012.0,157896.0,12145.0,False,156884.0
4507004290_00010,8438.0,8438.0,16877.0,False,8439.0
4507004348_00030,2387.0,2387.0,2387.0,True,0.0
4507004348_00050,1696.0,1696.0,1696.0,True,0.0
4507004355_00090,1404.0,1404.0,1404.0,True,0.0
4507004373_00010,1467.0,1467.0,1467.0,True,0.0
4507004409_00010,606217.0,606217.0,606217.0,True,0.0
4507004413_00020,891.0,891.0,891.0,True,0.0
4507004413_00210,5349.0,5349.0,5349.0,True,0.0
4507004422_00020,25980.0,25980.0,25980.0,True,0.0
4507004422_00030,242487.0,242487.0,242487.0,True,0.0
4507004434_00010,51961.0,51961.0,51961.0,True,0.0
4507004520_00010,77942.0,77942.0,77942.0,True,0.0
4507004520_00020,8660.0,7932792.0,86602.0,False,7924132.0
4507004577_00001,21.0,43.0,215.0,False,194.0
4507004823_00010,26794.0,26794.0,26794.0,True,0.0
4507004876_00010,6928.0,6928.0,6928.0,True,0.0
4507004900_00001,2684.0,16108.0,21477.0,False,18793.0
4507004903_00001,1270.0,1270.0,5080.0,False,3810.0
4507004946_00210,148.0,148.0,148.0,True,0.0
4507004991_00010,27712.0,27712.0,27712.0,True,0.0
4507004991_00020,25980.0,25980.0,25980.0,True,0.0
4507004992_00010,34641.0,34641.0,34641.0,True,0.0
4507004992_00020,3464.0,3464.0,3464.0,True,0.0
4507005000_00010,69282.0,69282.0,69282.0,True,0.0
4507005000_00020,43301.0,43301.0,43301.0,True,0.0
4507005000_00030,41569.0,41569.0,41569.0,True,0.0
4507005000_00040,6928.0,6928.0,6928.0,True,0.0
4507005004_00010,34641.0,34641.0,34641.0,True,0.0
4507005004_00020,32908.0,32908.0,32908.0,True,0.0
4507005004_00030,8660.0,8660.0,8660.0,True,0.0
4507005004_00040,34641.0,34641.0,34641.0,True,0.0
4507005004_00050,4416.0,4416.0,4416.0,True,0.0
4507005004_00060,25980.0,25980.0,25980.0,True,0.0
4507005004_00070,5196.0,5196.0,5196.0,True,0.0
4507005004_00080,12124.0,12124.0,12124.0,True,0.0
4507005004_00090,19918.0,19918.0,19918.0,True,0.0
4507005004_00100,1732.0,1732.0,1732.0,True,0.0
4507005004_00110,4330.0,4330.0,4330.0,True,0.0
4507005004_00120,2944.0,2944.0,2944.0,True,0.0
4507005004_00130,8833.0,8833.0,8833.0,True,0.0
4507005062_00010,3464.0,3464.0,3464.0,True,0.0
4507005152_00030,127.0,127.0,127.0,True,0.0
4507005161_00001,14.0,85.0,14.0,False,71.0
4507005163_00001,838.0,838.0,3353.0,False,2515.0
4507005288_00040,342.0,342.0,342.0,True,0.0
4507005349_00020,8937.0,8937.0,8937.0,True,0.0
4507005349_00030,8937.0,8937.0,8937.0,True,0.0
4507005362_00010,790.0,790.0,1581.0,False,791.0
4507005362_00040,399.0,399.0,399.0,True,0.0
4507005364_00001,722.0,26727.0,2889.0,False,26005.0
4507005365_00001,31.0,31.0,95.0,False,64.0
4507005366_00001,537.0,33872.0,7527.0,False,33335.0
4507005369_00001,201.0,11666.0,1005.0,False,11465.0
4507005370_00001,675.0,249259.0,8105.0,False,248584.0
4507005373_00001,588.0,57124.0,6478.0,False,56536.0
4507005374_00001,125.0,5000.0,250.0,False,4875.0
4507005382_00080,2185.0,2185.0,4371.0,False,2186.0
4507005434_00001,708.0,42504.0,7084.0,False,41796.0
4507005472_00290,627.0,627.0,627.0,True,0.0
4507005502_00001,24.0,171.0,171.0,False,147.0
4507005505_00001,927.0,927.0,2782.0,False,1855.0
4507005634_00010,966241.0,1932483.0,966241.0,False,966242.0
4507005639_00010,273046.0,546092.0,273046.0,False,273046.0
4507005649_00010,370139.0,370139.0,370139.0,True,0.0
4507005680_00010,273.0,273.0,273.0,True,0.0
4507005682_00010,8600.0,8600.0,8600.0,True,0.0
4507005685_00010,2730.0,2730.0,2730.0,True,0.0
4507005688_00010,185424.0,185424.0,185424.0,True,0.0
4507005691_00010,7416.0,7416.0,7416.0,True,0.0
4507005710_00010,805427.0,805427.0,805427.0,True,0.0
4507005720_00010,78025.0,78025.0,78025.0,True,0.0
4507005724_00010,30762.0,30762.0,30762.0,True,0.0
4507005730_00010,20023.0,20023.0,20023.0,True,0.0
4507005735_00010,19017.0,19017.0,19017.0,True,0.0
4507005740_00010,7830.0,7830.0,7830.0,True,0.0
4507005744_00010,5033.0,5033.0,5033.0,True,0.0
4507005788_00001,33.0,198.0,298.0,False,265.0
4507005790_00001,447.0,447.0,2239.0,False,1792.0
4507005862_00090,2360.0,2360.0,2360.0,True,0.0
4507005900_00030,4469.0,4469.0,4469.0,True,0.0
4507006008_00010,5731.0,5731.0,5731.0,True,0.0
4507006011_00001,1428.0,1428.0,1428.0,True,0.0
4507006042_00020,1663.0,1663.0,3326.0,False,1663.0
4507006074_00200,69.0,69.0,69.0,True,0.0
4507006092_00100,2593.0,2593.0,2593.0,True,0.0
4507006131_00001,1151.0,1151.0,4604.0,False,3453.0
4507006261_00010,111640.0,111640.0,111640.0,True,0.0
4507006350_00001,276.0,18798.0,552.0,False,18522.0
4507006352_00001,1039.0,118525.0,19754.0,False,117486.0
4507006355_00001,2338.0,2338.0,37412.0,False,35074.0
4507006356_00001,756.0,14366.0,6048.0,False,13610.0
4507006364_00001,491.0,27499.0,1473.0,False,27008.0
4507006365_00001,366.0,24179.0,1099.0,False,23813.0
4507006370_00001,114.0,10722.0,1254.0,False,10608.0
4507006420_00030,7332.0,7332.0,7332.0,True,0.0
4507006432_00030,189.0,189.0,189.0,True,0.0
4507006434_00001,96.0,1741.0,193.0,False,1645.0
4507006436_00001,680.0,680.0,3400.0,False,2720.0
4507006437_00001,297.0,1191.0,595.0,False,894.0
4507006475_00010,16024.0,16024.0,16024.0,True,0.0
4507006475_00020,6160.0,6160.0,6160.0,True,0.0
4507006475_00030,6933.0,6933.0,6933.0,True,0.0
4507006658_00010,22294.0,22294.0,22294.0,True,0.0
4507006721_00001,675.0,54039.0,5403.0,False,53364.0
4507006799_00001,160.0,7849.0,640.0,False,7689.0
4507006801_00001,1058.0,1058.0,8467.0,False,7409.0
4507006938_00110,2656.0,2656.0,2656.0,True,0.0
4507006942_00120,1496.0,1496.0,1496.0,True,0.0
4507007039_00060,1864.0,1864.0,1864.0,True,0.0
4507007084_00130,345.0,345.0,345.0,True,0.0
4507007084_00140,63.0,63.0,63.0,True,0.0
4507007084_00180,138.0,138.0,138.0,True,0.0
4507007084_00200,138.0,138.0,138.0,True,0.0
4507007084_00210,276.0,276.0,276.0,True,0.0
4507007084_00220,138.0,138.0,138.0,True,0.0
4507007084_00240,138.0,138.0,138.0,True,0.0
4507007084_00250,69.0,69.0,69.0,True,0.0
4507007084_00260,172.0,172.0,172.0,True,0.0
4507007084_00270,138.0,138.0,138.0,True,0.0
4507007084_00280,138.0,138.0,138.0,True,0.0
4507007084_00290,138.0,138.0,138.0,True,0.0
4507007084_00300,207.0,207.0,207.0,True,0.0
4507007084_00330,207.0,207.0,207.0,True,0.0
4507007084_00340,207.0,207.0,207.0,True,0.0
4507007084_00350,69.0,69.0,69.0,True,0.0
4507007084_00360,103.0,103.0,103.0,True,0.0
4507007084_00370,209.0,209.0,209.0,True,0.0
4507007084_00590,1161.0,1161.0,1161.0,True,0.0
4507007113_00220,7259.0,7259.0,7259.0,True,0.0
4507007114_00010,233826.0,233826.0,701480.0,False,467654.0
4507007117_00010,138564.0,138564.0,138564.0,True,0.0
4507007120_00010,346410.0,346410.0,692820.0,False,346410.0
4507007125_00010,270199.0,270199.0,540399.0,False,270200.0
4507007169_00001,125.0,1763.0,503.0,False,1638.0
4507007171_00001,423.0,423.0,3815.0,False,3392.0
4507007194_00190,241.0,241.0,483.0,False,242.0
4507007252_00010,8692.0,8692.0,8692.0,True,0.0
4507007256_00010,8692.0,8692.0,8692.0,True,0.0
4507007398_00001,160.0,1920.0,2080.0,False,1920.0
4507007400_00001,846.0,846.0,2539.0,False,1693.0
4507007412_00110,12673.0,12673.0,12673.0,True,0.0
4507007414_00010,804.0,804.0,804.0,True,0.0
4507007419_00040,4308.0,4308.0,4308.0,True,0.0
4507007696_00010,41361.0,41361.0,41361.0,True,0.0
4507007729_00010,23943.0,23943.0,23943.0,True,0.0
4507007729_00040,20576.0,20576.0,20576.0,True,0.0
4507007756_00001,49.0,1569.0,49.0,False,1520.0
4507007759_00001,672.0,672.0,2018.0,False,1346.0
4507007814_00010,606217.0,606217.0,606217.0,True,0.0
4507007815_00010,1472243.0,1472243.0,2944486.0,False,1472243.0
4507007819_00010,86602.0,86602.0,86602.0,True,0.0
4507007881_00010,601021.0,601021.0,2404086.0,False,1803065.0
4507007888_00010,19338.0,19338.0,38676.0,False,19338.0
4507007888_00020,49883.0,49883.0,99766.0,False,49883.0
4507007888_00030,1151.0,1151.0,2303.0,False,1152.0
4507007947_00010,351606.0,351606.0,703212.0,False,351606.0
4507008040_00010,1241.0,1241.0,1241.0,True,0.0
4507008053_00001,19.0,38.0,19.0,False,19.0
4507008055_00001,147.0,147.0,441.0,False,294.0
4507008223_00010,37169.0,37169.0,37169.0,True,0.0
4507008248_00130,601.0,601.0,601.0,True,0.0
4507008250_00030,1273.0,1273.0,1273.0,True,0.0
4507008282_00001,53.0,427.0,748.0,False,695.0
4507008285_00001,1049.0,1049.0,4198.0,False,3149.0
4507008308_00120,1643.0,1643.0,1643.0,True,0.0
4507008387_00010,8469.0,8469.0,8469.0,True,0.0
4507008434_00010,71535.0,71535.0,71535.0,True,0.0
4507008477_00001,303.0,6969.0,5757.0,False,6666.0
4507008483_00001,633.0,74064.0,2532.0,False,73431.0
4507008489_00010,34641.0,34641.0,34641.0,True,0.0
4507008490_00001,659.0,59982.0,7250.0,False,59323.0
4507008511_00001,25.0,2337.0,50.0,False,2312.0
4507008512_00001,2430.0,172560.0,70482.0,False,170130.0
4507008513_00001,2338.0,2338.0,30397.0,False,28059.0
4507008514_00001,474.0,15176.0,2371.0,False,14702.0
4507008515_00001,708.0,41796.0,11334.0,False,41088.0
4507008516_00001,675.0,9456.0,9456.0,False,8781.0
4507008527_00001,54.0,54.0,704.0,False,650.0
4507008530_00001,1058.0,1058.0,2116.0,False,1058.0
4507008666_00030,17035.0,17035.0,17035.0,True,0.0
4507008688_00020,942.0,942.0,1884.0,False,942.0
4507008802_00190,576.0,576.0,576.0,True,0.0
4507008834_00050,5876.0,5876.0,5876.0,True,0.0
4507008834_00080,5876.0,5876.0,5876.0,True,0.0
4507008834_00100,6059.0,6059.0,12118.0,False,6059.0
4507008834_00110,6038.0,6038.0,12077.0,False,6039.0
4507008834_00120,6150.0,6150.0,12300.0,False,6150.0
4507008834_00150,5883.0,5883.0,11767.0,False,5884.0
4507008844_00010,207.0,207.0,207.0,True,0.0
4507008844_00040,290.0,290.0,290.0,True,0.0
4507008844_00530,170.0,170.0,170.0,True,0.0
4507008880_00001,465.0,465.0,1862.0,False,1397.0
4507008883_00001,263.0,263.0,1052.0,False,789.0
4507008938_00040,138.0,138.0,138.0,True,0.0
4507009027_00160,9947.0,9947.0,9947.0,True,0.0
4507009253_00010,34641.0,34641.0,34641.0,True,0.0
4507009254_00010,7811.0,7811.0,7811.0,True,0.0
4507009310_00001,10.0,367.0,122.0,False,357.0
4507009538_00010,8584.0,8584.0,8584.0,True,0.0
4507009576_00010,10682.0,10682.0,10682.0,True,0.0
4507009608_00001,15.0,544.0,196.0,False,529.0
4507009610_00001,1148.0,1148.0,4593.0,False,3445.0
4507009645_00160,108.0,108.0,108.0,True,0.0
4507009764_00020,1527.0,1527.0,1527.0,True,0.0
4507009776_00020,1241.0,1241.0,1241.0,True,0.0
4507009822_00040,946.0,946.0,1893.0,False,947.0
4507009850_00140,2409.0,2409.0,2409.0,True,0.0
4507009921_00220,138.0,138.0,138.0,True,0.0
4507009921_00250,276.0,276.0,276.0,True,0.0
4507009921_00380,138.0,138.0,276.0,False,138.0
4507009921_00390,138.0,138.0,138.0,True,0.0
4507009921_00480,184.0,184.0,369.0,False,185.0
4507009945_00060,2498.0,2498.0,2498.0,True,0.0
4507009948_00010,312.0,312.0,312.0,True,0.0
4507009952_00001,14.0,531.0,147.0,False,517.0
4507009954_00001,1148.0,1148.0,5741.0,False,4593.0
4507009971_00010,167283.0,167283.0,167283.0,True,0.0
4507010053_00150,1365.0,1365.0,1365.0,True,0.0
4507010232_00010,290.0,290.0,290.0,True,0.0
4507010232_00040,415.0,415.0,415.0,True,0.0
4507010232_00100,627.0,627.0,627.0,True,0.0
4507010232_00110,444.0,444.0,444.0,True,0.0
4507010232_00200,185.0,185.0,185.0,True,0.0
4507010245_00001,18.0,18.0,36.0,False,18.0
4507010247_00001,1148.0,1148.0,4593.0,False,3445.0
4507010611_00001,248.0,1991.0,2987.0,False,2739.0
4507010613_00001,1053.0,1053.0,3159.0,False,2106.0
4507010758_00030,1303.0,1303.0,1303.0,True,0.0
4507010762_00110,2065.0,2065.0,2065.0,True,0.0
4507010771_00001,1272.0,173067.0,5090.0,False,171795.0
4507010774_00001,1677.0,26841.0,26841.0,False,25164.0
4507010776_00010,1667.0,1667.0,1667.0,True,0.0
4507010780_00001,358.0,5375.0,1075.0,False,5017.0
4507010781_00001,1127.0,66508.0,1127.0,False,65381.0
4507010782_00001,1174.0,2348.0,28183.0,False,27009.0
4507010787_00001,212.0,10859.0,1916.0,False,10647.0
4507010859_00050,414.0,414.0,414.0,True,0.0
4507010861_00090,138.0,138.0,138.0,True,0.0
4507010861_00100,445.0,445.0,445.0,True,0.0
4507010866_00070,2059.0,2059.0,4118.0,False,2059.0
4507010877_00001,1723.0,1723.0,22404.0,False,20681.0
4507010881_00001,675.0,137801.0,10807.0,False,137126.0
4507010883_00050,2307.0,2307.0,2307.0,True,0.0
4507010885_00001,708.0,76508.0,9917.0,False,75800.0
4507010932_00020,620.0,620.0,620.0,True,0.0
4507010999_00001,7.0,98.0,75.0,False,91.0
4507011057_00001,1428.0,1428.0,1428.0,True,0.0
4507011072_00001,1428.0,1428.0,1428.0,True,0.0
4507011209_00010,40989.0,40989.0,122967.0,False,81978.0
4507011209_00020,83018.0,83018.0,249056.0,False,166038.0
4507011209_00030,83018.0,83018.0,249056.0,False,166038.0
4507011279_00001,43.0,43.0,395.0,False,352.0
4507011281_00001,1027.0,1027.0,5139.0,False,4112.0
4507011298_00010,5050.0,5050.0,5050.0,True,0.0
4507011298_00020,9614.0,9614.0,9614.0,True,0.0
4507011298_00030,3367.0,3367.0,6734.0,False,3367.0
4507011298_00040,6409.0,6409.0,12819.0,False,6410.0
4507011298_00050,3367.0,3367.0,10101.0,False,6734.0
4507011298_00060,6409.0,6409.0,6409.0,True,0.0
4507011298_00070,3367.0,3367.0,3367.0,True,0.0
4507011298_00080,6409.0,6409.0,6409.0,True,0.0
4507011298_00090,3626.0,3626.0,3626.0,True,0.0
4507011298_00100,6409.0,6409.0,6409.0,True,0.0
4507011298_00110,4685.0,4685.0,4685.0,True,0.0
4507011298_00120,6409.0,6409.0,6409.0,True,0.0
4507011298_00130,3367.0,3367.0,3367.0,True,0.0
4507011298_00140,6409.0,6409.0,12819.0,False,6410.0
4507011298_00150,4229.0,4229.0,4229.0,True,0.0
4507011298_00160,6409.0,6409.0,6409.0,True,0.0
4507011298_00170,3367.0,3367.0,3367.0,True,0.0
4507011298_00180,6436.0,6436.0,6436.0,True,0.0
4507011298_00190,3367.0,3367.0,3367.0,True,0.0
4507011298_00200,6409.0,6409.0,6409.0,True,0.0
4507011298_00220,6409.0,6409.0,6409.0,True,0.0
4507011298_00230,5200.0,5200.0,5200.0,True,0.0
4507011298_00240,5200.0,5200.0,10400.0,False,5200.0
4507011300_00010,9.0,9.0,9.0,True,0.0
4507011300_00030,92.0,92.0,92.0,True,0.0
4507011531_00010,49.0,49.0,147.0,False,98.0
4507011567_00020,70148.0,70148.0,140296.0,False,70148.0
4507011595_00010,2092.0,2092.0,2092.0,True,0.0
4507011615_00001,49.0,1420.0,734.0,False,1371.0
4507011621_00001,850.0,850.0,1700.0,False,850.0
4507011859_00010,19601.0,19601.0,19601.0,True,0.0
4507011887_00030,10066.0,10066.0,10066.0,True,0.0
4507011911_00020,286.0,286.0,286.0,True,0.0
4507011912_00060,7781.0,7781.0,7781.0,True,0.0
4507011926_00001,27.0,306.0,83.0,False,279.0
4507011928_00001,416.0,416.0,1250.0,False,834.0
4507012060_00010,1284.0,1284.0,1284.0,True,0.0
4507012084_00020,536.0,536.0,536.0,True,0.0
4507012084_00030,620.0,620.0,620.0,True,0.0
4507012193_00001,226.0,226.0,2040.0,False,1814.0
4507012196_00001,822.0,822.0,3289.0,False,2467.0
4507012357_00010,5603.0,5603.0,5603.0,True,0.0
4507012401_00010,3153.0,3153.0,3153.0,True,0.0
4507012428_00140,4279.0,4279.0,4279.0,True,0.0
4507012436_00140,6708.0,6708.0,6708.0,True,0.0
4507012495_00001,15.0,15.0,152.0,False,137.0
4507012638_00010,55709.0,55709.0,55709.0,True,0.0
4507012686_00010,35832.0,35832.0,35832.0,True,0.0
4507012734_00010,48594.0,48594.0,48594.0,True,0.0
4507012776_00001,957.0,136862.0,5742.0,False,135905.0
4507012781_00001,947.0,71065.0,18003.0,False,70118.0
4507012813_00001,927.0,927.0,5565.0,False,4638.0
4507012835_00080,96.0,96.0,96.0,True,0.0
4507012836_00001,76.0,6329.0,152.0,False,6253.0
4507012837_00001,221.0,5989.0,443.0,False,5768.0
4507012838_00001,1630.0,190772.0,45654.0,False,189142.0
4507012848_00001,2338.0,2338.0,2338.0,True,0.0
4507012849_00001,675.0,143881.0,10807.0,False,143206.0
4507012851_00001,919.0,212507.0,14719.0,False,211588.0
4507012854_00001,485.0,20376.0,2910.0,False,19891.0
4507012883_00001,1007.0,566448.0,13102.0,False,565441.0
4507012885_00001,1684.0,879095.0,42102.0,False,877411.0
4507012889_00001,1723.0,1723.0,10340.0,False,8617.0
4507012890_00001,675.0,151987.0,6754.0,False,151312.0
4507012893_00001,2698.0,617968.0,21588.0,False,615270.0
4507012902_00050,931.0,931.0,1862.0,False,931.0
4507012933_00001,1257.0,221265.0,3771.0,False,220008.0
4507013204_00130,2663.0,2663.0,2663.0,True,0.0
4507013302_00010,2727.0,2727.0,5455.0,False,2728.0
4507013303_00010,190.0,190.0,190.0,True,0.0
4507013309_00010,5801.0,5801.0,5801.0,True,0.0
4507013342_00010,2460.0,2460.0,2460.0,True,0.0
4507013372_00010,22484.0,22484.0,22484.0,True,0.0
4507013376_00010,1406.0,1406.0,1406.0,True,0.0
4507013379_00010,488.0,488.0,488.0,True,0.0
4507013382_00010,23442.0,23442.0,23442.0,True,0.0
4507013397_00001,1203.0,601878.0,10833.0,False,600675.0
4507013403_00001,536.0,536.0,2147.0,False,1611.0
4507013404_00001,536.0,536.0,2684.0,False,2148.0
4507013405_00001,383.0,767.0,1151.0,False,768.0
4507013406_00001,1063.0,1063.0,3191.0,False,2128.0
4507013689_00360,25.0,25.0,25.0,True,0.0
4507013719_00010,86775.0,86775.0,260327.0,False,173552.0
4507013726_00010,42934.0,42934.0,42934.0,True,0.0
4507013832_00010,8541.0,8541.0,17082.0,False,8541.0
4507013895_00001,20.0,287.0,225.0,False,267.0
4507013897_00001,536.0,536.0,3221.0,False,2685.0
4507014191_00001,1205.0,700379.0,14465.0,False,699174.0
4507014192_00001,536.0,536.0,2147.0,False,1611.0
4507014193_00001,961.0,961.0,3844.0,False,2883.0
4507014367_00010,5148.0,5148.0,5148.0,True,0.0
4507014537_00010,435.0,435.0,435.0,True,0.0
4507014537_00120,63.0,63.0,127.0,False,64.0
4507014537_00250,579.0,579.0,579.0,True,0.0
4507014537_00260,676.0,676.0,676.0,True,0.0
4507014537_00300,1210.0,1210.0,1210.0,True,0.0
4507014537_00320,118.0,118.0,118.0,True,0.0
4507014540_00001,536.0,536.0,3221.0,False,2685.0
4507014541_00001,383.0,383.0,1535.0,False,1152.0
4507014776_00010,2110.0,2110.0,4220.0,False,2110.0
4507014847_00001,793.0,12689.0,12689.0,False,11896.0
4507014849_00001,536.0,536.0,3758.0,False,3222.0
4507014851_00001,383.0,383.0,767.0,False,384.0
4507014940_00120,2060.0,2060.0,2060.0,True,0.0
4507014942_00180,3677.0,3677.0,3677.0,True,0.0
4507014949_00040,201.0,201.0,201.0,True,0.0
4507014996_00020,25461.0,50922.0,25461.0,False,25461.0
4507015232_00001,536.0,536.0,3221.0,False,2685.0
4507015233_00001,636.0,636.0,2546.0,False,1910.0
4507015441_00001,14.0,324.0,14.0,False,310.0
4507015442_00001,536.0,536.0,3221.0,False,2685.0
4507015443_00001,1030.0,1030.0,4122.0,False,3092.0
4507015473_00001,2127.0,270253.0,14895.0,False,268126.0
4507015474_00001,782.0,279975.0,16423.0,False,279193.0
4507015475_00001,1229.0,57782.0,7376.0,False,56553.0
4507015476_00001,101.0,54868.0,4142.0,False,54767.0
4507015478_00001,1723.0,1723.0,29297.0,False,27574.0
4507015479_00001,675.0,49311.0,14185.0,False,48636.0
4507015480_00001,515.0,166347.0,6695.0,False,165832.0
4507015511_00010,205.0,205.0,205.0,True,0.0
4507015789_00090,827.0,827.0,827.0,True,0.0
4507015789_00100,1241.0,1241.0,1241.0,True,0.0
4507015797_00001,92.0,92.0,648.0,False,556.0
4507015798_00001,536.0,536.0,3221.0,False,2685.0
4507015799_00001,580.0,580.0,2903.0,False,2323.0
4507015819_00050,240.0,240.0,480.0,False,240.0
4507015899_00070,2003.0,2003.0,2003.0,True,0.0
4507015914_00160,3903.0,3903.0,3903.0,True,0.0
4507015983_00010,43532.0,43532.0,43532.0,True,0.0
4507016005_00010,9753.0,9753.0,9753.0,True,0.0
4507016129_00001,21.0,216.0,410.0,False,389.0
4507016130_00001,536.0,536.0,2147.0,False,1611.0
4507016131_00001,423.0,423.0,2119.0,False,1696.0
4507016151_00030,460.0,460.0,460.0,True,0.0
4507016400_00001,25.0,207.0,25.0,False,182.0
4507016401_00001,536.0,536.0,2684.0,False,2148.0
4507016402_00001,1185.0,1185.0,7111.0,False,5926.0
4507016459_00130,3150.0,3150.0,3150.0,True,0.0
4507016657_00001,606.0,25461.0,5455.0,False,24855.0
4507016767_00001,20.0,142.0,40.0,False,122.0
4507016768_00001,536.0,536.0,1610.0,False,1074.0
4507016793_00080,257.0,257.0,257.0,True,0.0
4507016898_00010,27944.0,27944.0,27944.0,True,0.0
4507016932_00010,17926.0,17926.0,35853.0,False,17927.0
4507017070_00001,82.0,412.0,330.0,False,330.0
4507017071_00001,536.0,536.0,1610.0,False,1074.0
4507017072_00001,1403.0,1403.0,9826.0,False,8423.0
4507017478_00001,16.0,32.0,146.0,False,130.0
4507017481_00001,536.0,536.0,2684.0,False,2148.0
4507017680_00001,1723.0,1723.0,24127.0,False,22404.0
4507017684_00001,1122.0,8981.0,25821.0,False,24699.0
4507017716_00050,12898.0,12898.0,25797.0,False,12899.0
4507017740_00001,122.0,115638.0,3072.0,False,115516.0
4507017799_00010,19735.0,19735.0,19735.0,True,0.0
4507017812_00001,7.0,650.0,7.0,False,643.0
4507017813_00001,536.0,536.0,2684.0,False,2148.0
4507017836_00001,127.0,22384.0,381.0,False,22257.0
4507017837_00001,2.0,1618.0,99.0,False,1616.0
4507017841_00110,24.0,24.0,48.0,False,24.0
4507017841_00160,231.0,231.0,231.0,True,0.0
4507017843_00001,675.0,274928.0,7430.0,False,274253.0
4507017962_00010,197892.0,197892.0,197892.0,True,0.0
4507018003_00020,1153.0,1153.0,1153.0,True,0.0
4507018008_00030,3968.0,3968.0,7937.0,False,3969.0
4507018021_00001,751.0,132985.0,3756.0,False,132234.0
4507018070_00010,55557.0,55557.0,55557.0,True,0.0
4507018093_00160,2456.0,2456.0,2456.0,True,0.0
4507018093_00180,4569.0,4569.0,4569.0,True,0.0
4507018093_00210,13917.0,13917.0,13917.0,True,0.0
4507018109_00001,19.0,39.0,39.0,False,20.0
4507018111_00001,536.0,536.0,2147.0,False,1611.0
4507018112_00001,1641.0,1641.0,4924.0,False,3283.0
4507018280_00050,795.0,795.0,795.0,True,0.0
4507018284_00160,2699.0,2699.0,2699.0,True,0.0
4507018311_00010,3387.0,3387.0,3387.0,True,0.0
4507018338_00020,5280.0,5280.0,5280.0,True,0.0
4507018341_00030,1673.0,1673.0,1673.0,True,0.0
4507018352_00150,179.0,179.0,179.0,True,0.0
4507018446_00001,536.0,536.0,2684.0,False,2148.0
4507018447_00001,319.0,319.0,2239.0,False,1920.0
4507018475_00010,257.0,257.0,257.0,True,0.0
4507018475_00030,449.0,449.0,449.0,True,0.0
4507018475_00040,96.0,96.0,96.0,True,0.0
4507018475_00050,535.0,535.0,535.0,True,0.0
4507018475_00060,24.0,24.0,24.0,True,0.0
4507018475_00070,231.0,231.0,231.0,True,0.0
4507018687_00010,3091.0,3091.0,3091.0,True,0.0
4507018714_00001,150.0,150.0,1507.0,False,1357.0
4507018715_00001,536.0,536.0,4295.0,False,3759.0
4507018716_00001,1049.0,1049.0,4198.0,False,3149.0
4507018726_00001,882.0,47672.0,4414.0,False,46790.0
4507018727_00001,502.0,51736.0,9041.0,False,51234.0
4507018728_00001,892.0,165107.0,2677.0,False,164215.0
4507018731_00001,2338.0,2338.0,2338.0,True,0.0
4507018732_00001,675.0,532969.0,8781.0,False,532294.0
4507018733_00001,2067.0,438346.0,26879.0,False,436279.0
4507018734_00001,1080.0,239914.0,5403.0,False,238834.0
4507018735_00001,727.0,1454.0,10184.0,False,9457.0
4507018736_00001,1313.0,751441.0,17078.0,False,750128.0
4507018836_00060,644.0,644.0,644.0,True,0.0
4507018867_00160,1509.0,1509.0,1509.0,True,0.0
4507018869_00040,24.0,24.0,24.0,True,0.0
4507018931_00001,1428.0,1428.0,1428.0,True,0.0
4507018948_00001,606.0,1212.0,606.0,False,606.0
4507019023_00001,16.0,224.0,337.0,False,321.0
4507019029_00001,536.0,536.0,2684.0,False,2148.0
4507019030_00001,1418.0,1418.0,4256.0,False,2838.0
4507019085_00001,2572.0,246969.0,15435.0,False,244397.0
4507019086_00001,200.0,40817.0,4802.0,False,40617.0
4507019088_00001,2737.0,1360428.0,101279.0,False,1357691.0
4507019089_00200,920.0,920.0,1840.0,False,920.0
4507019090_00001,1723.0,1723.0,1723.0,True,0.0
4507019091_00001,675.0,74980.0,11483.0,False,74305.0
4507019092_00001,960.0,195862.0,15361.0,False,194902.0
4507019187_00010,24180.0,24180.0,48361.0,False,24181.0
4507019283_00010,39075.0,39075.0,39075.0,True,0.0
4507019291_00001,727.0,727.0,8002.0,False,7275.0
4507019322_00010,40904.0,40904.0,40904.0,True,0.0
4507019329_00010,400.0,400.0,400.0,True,0.0
4507019376_00010,38174.0,38174.0,38174.0,True,0.0
4507019381_00380,119.0,119.0,119.0,True,0.0
4507019381_00520,63.0,63.0,63.0,True,0.0
4507019381_00630,138.0,138.0,138.0,True,0.0
4507019382_00120,4877.0,4877.0,4877.0,True,0.0
4507019387_00030,4582.0,4582.0,4582.0,True,0.0
4507019395_00001,536.0,536.0,3221.0,False,2685.0
4507019461_00001,389.0,78387.0,1949.0,False,77998.0
4507019507_00010,2665.0,2665.0,5331.0,False,2666.0
4507019507_00020,7102.0,7102.0,7102.0,True,0.0
4507019686_00001,19.0,318.0,278.0,False,299.0
4507019687_00001,536.0,536.0,3221.0,False,2685.0
4507019688_00001,165.0,165.0,828.0,False,663.0
4507019725_00001,533.0,21342.0,1067.0,False,20809.0
4507019826_00001,415.0,27851.0,831.0,False,27436.0
4507019977_00010,1438.0,1438.0,1438.0,True,0.0
4507019979_00010,1556.0,1556.0,1556.0,True,0.0
4507020031_00020,30.0,30.0,30.0,True,0.0
4507020031_00260,2182.0,2182.0,2182.0,True,0.0
4507020031_00300,586.0,586.0,1173.0,False,587.0
4507020031_00380,231.0,231.0,231.0,True,0.0
4507020207_00001,69.0,2449.0,1049.0,False,2380.0
4507020208_00001,1204.0,314492.0,10844.0,False,313288.0
4507020209_00001,8.0,8.0,115.0,False,107.0
4507020435_00001,1428.0,1428.0,1428.0,True,0.0
4507020455_00090,3703.0,3703.0,3703.0,True,0.0
4507020494_00001,25.0,410.0,231.0,False,385.0
4507020495_00001,536.0,536.0,3221.0,False,2685.0
4507020496_00001,46.0,46.0,233.0,False,187.0
4507020569_00040,1075.0,1075.0,1075.0,True,0.0
4507020580_00010,17116.0,17116.0,34232.0,False,17116.0
4507020580_00020,3893.0,3893.0,3893.0,True,0.0
4507020580_00030,3367.0,3367.0,3367.0,True,0.0
4507020580_00040,3367.0,3367.0,6734.0,False,3367.0
4507020580_00050,4685.0,4685.0,14057.0,False,9372.0
4507020580_00060,1311.0,1311.0,1311.0,True,0.0
4507020580_00070,3367.0,3367.0,3367.0,True,0.0
4507020580_00080,3367.0,3367.0,3367.0,True,0.0
4507020580_00100,3367.0,3367.0,6734.0,False,3367.0
4507020580_00110,3367.0,3367.0,6734.0,False,3367.0
4507020664_00010,9256.0,9256.0,9256.0,True,0.0
4507020747_00010,65286.0,65286.0,65286.0,True,0.0
4507020761_00010,8660.0,8660.0,8660.0,True,0.0
4507020773_00020,31566.0,31566.0,31566.0,True,0.0
4507020788_00030,1668.0,1668.0,1668.0,True,0.0
4507020795_00001,536.0,536.0,2684.0,False,2148.0
4507020796_00001,1049.0,1049.0,7347.0,False,6298.0
4507021048_00001,2338.0,2338.0,25720.0,False,23382.0
4507021064_00001,55.0,496.0,662.0,False,607.0
4507021066_00001,536.0,536.0,3221.0,False,2685.0
4507021067_00001,846.0,846.0,2539.0,False,1693.0
4507021311_00330,676.0,676.0,676.0,True,0.0
4507021311_00340,413.0,413.0,413.0,True,0.0
4507021311_00400,676.0,676.0,676.0,True,0.0
4507021311_00720,1160.0,1160.0,1160.0,True,0.0
4507021311_00730,209.0,209.0,209.0,True,0.0
4507021324_00010,59577.0,59577.0,59577.0,True,0.0
4507021327_00010,59577.0,59577.0,59577.0,True,0.0
4507021328_00010,59577.0,59577.0,59577.0,True,0.0
4507021330_00001,100.0,1506.0,1406.0,False,1406.0
4507021332_00001,536.0,536.0,4295.0,False,3759.0
4507021333_00001,740.0,740.0,2963.0,False,2223.0
4507021349_00001,458.0,130088.0,1832.0,False,129630.0
4507021350_00001,705.0,225881.0,16235.0,False,225176.0
4507021351_00001,407.0,166189.0,2443.0,False,165782.0
4507021352_00001,2890.0,1688101.0,109842.0,False,1685211.0
4507021354_00001,727.0,162951.0,10911.0,False,162224.0
4507021355_00001,675.0,675.0,13509.0,False,12834.0
4507021376_00290,73.0,73.0,73.0,True,0.0
4507021376_00310,337.0,337.0,337.0,True,0.0
4507021376_00390,659.0,659.0,659.0,True,0.0
4507021427_00010,57729.0,57729.0,57729.0,True,0.0
4507021445_00090,7427.0,7427.0,7427.0,True,0.0
4507021450_00090,2699.0,2699.0,2699.0,True,0.0
4507021678_00001,15.0,108.0,108.0,False,93.0
4507021680_00001,536.0,536.0,2684.0,False,2148.0
4507021681_00001,740.0,740.0,4445.0,False,3705.0
4507021700_00010,121243.0,121243.0,121243.0,True,0.0
4507021729_00001,1428.0,1428.0,1428.0,True,0.0
4507021925_00010,38908.0,38908.0,38908.0,True,0.0
4507021928_00010,38908.0,38908.0,38908.0,True,0.0
4507021932_00010,55557.0,55557.0,55557.0,True,0.0
4507022006_00040,582.0,582.0,582.0,True,0.0
4507022013_00510,290.0,290.0,290.0,True,0.0
4507022013_00520,69.0,69.0,69.0,True,0.0
4507022031_00020,3564.0,3564.0,3564.0,True,0.0
4507022074_00001,16.0,16.0,243.0,False,227.0
4507022075_00001,536.0,536.0,2684.0,False,2148.0
4507022076_00001,1148.0,1148.0,2296.0,False,1148.0
4507022104_00040,74.0,74.0,74.0,True,0.0
4507022104_00210,511.0,511.0,511.0,True,0.0
4507022323_00010,51961.0,51961.0,51961.0,True,0.0
4507022336_00001,822.0,194056.0,10689.0,False,193234.0
4507022392_00010,6744.0,6744.0,13489.0,False,6745.0
4507022425_00001,10.0,20.0,111.0,False,101.0
4507022427_00001,536.0,536.0,3758.0,False,3222.0
4507022525_00020,39.0,39.0,39.0,True,0.0
4507022742_00001,27.0,747.0,276.0,False,720.0
4507022743_00001,536.0,536.0,2684.0,False,2148.0
4507022744_00001,1030.0,1030.0,9275.0,False,8245.0
4507022745_00001,29.0,59.0,59.0,False,30.0
4507022953_00120,845.0,845.0,845.0,True,0.0
4507023044_00040,834.0,834.0,834.0,True,0.0
4507023072_00001,112.0,4830.0,1685.0,False,4718.0
4507023073_00001,536.0,536.0,3221.0,False,2685.0
4507023074_00001,1148.0,1148.0,6889.0,False,5741.0
4507023099_00080,104.0,104.0,104.0,True,0.0
4507023099_00090,449.0,449.0,449.0,True,0.0
4507023099_00180,24.0,24.0,24.0,True,0.0
4507023099_00190,449.0,449.0,449.0,True,0.0
4507023099_00200,48.0,48.0,48.0,True,0.0
4507023099_00320,209.0,209.0,209.0,True,0.0
4507023099_00330,74.0,74.0,74.0,True,0.0
4507023099_00340,99.0,99.0,99.0,True,0.0
4507023099_00350,245.0,245.0,245.0,True,0.0
4507023099_00360,245.0,245.0,245.0,True,0.0
4507023099_00370,245.0,245.0,245.0,True,0.0
4507023099_00440,16.0,16.0,16.0,True,0.0
4507023099_00450,84.0,84.0,84.0,True,0.0
4507023388_00010,44480.0,44480.0,44480.0,True,0.0
4507023409_00001,1428.0,1428.0,15718.0,False,14290.0
4507023410_00001,1428.0,1428.0,1428.0,True,0.0
4507023412_00001,1204.0,13250.0,16864.0,False,15660.0
4507023413_00001,73.0,219.0,584.0,False,511.0
4507023414_00001,536.0,536.0,2684.0,False,2148.0
4507023415_00001,1058.0,1058.0,3175.0,False,2117.0
4507023606_00001,912.0,253717.0,5475.0,False,252805.0
4507023608_00001,901.0,76633.0,26145.0,False,75732.0
4507023611_00001,218.0,26165.0,1090.0,False,25947.0
4507023612_00001,409.0,49114.0,1637.0,False,48705.0
4507023613_00001,76.0,13501.0,3737.0,False,13425.0
4507023628_00001,675.0,286411.0,14185.0,False,285736.0
4507023632_00001,1868.0,229851.0,37374.0,False,227983.0
4507023633_00010,55127.0,55127.0,55127.0,True,0.0
4507023633_00020,27875.0,27875.0,27875.0,True,0.0
4507023692_00001,18.0,54.0,201.0,False,183.0
4507023693_00001,536.0,536.0,2684.0,False,2148.0
4507023694_00001,1151.0,1151.0,4604.0,False,3453.0
4507023695_00001,15.0,151.0,30.0,False,136.0
4507024033_00220,362.0,362.0,362.0,True,0.0
4507024033_00400,149.0,149.0,149.0,True,0.0
4507024033_00450,190.0,190.0,190.0,True,0.0
4507024050_00020,2376.0,2376.0,2376.0,True,0.0
4507024057_00001,203.0,4281.0,2242.0,False,4078.0
4507024059_00001,536.0,536.0,3221.0,False,2685.0
4507024060_00001,117.0,117.0,469.0,False,352.0
4507024109_00010,57729.0,57729.0,57729.0,True,0.0
4507024171_00050,248.0,248.0,248.0,True,0.0
4507024180_00190,2703.0,2703.0,2703.0,True,0.0
4507024239_00030,824.0,824.0,824.0,True,0.0
4507024263_00001,1723.0,1723.0,22404.0,False,20681.0
4507024332_00010,70148.0,70148.0,140296.0,False,70148.0
4507024370_00001,38.0,193.0,579.0,False,541.0
4507024375_00001,536.0,536.0,3758.0,False,3222.0
4507024376_00001,927.0,927.0,4637.0,False,3710.0
4507024428_00010,12821.0,12821.0,25643.0,False,12822.0
4507024540_00010,24180.0,24180.0,24180.0,True,0.0
4507024594_00001,50.0,251.0,553.0,False,503.0
4507024595_00001,536.0,536.0,2147.0,False,1611.0
4507024596_00001,1015.0,1015.0,3047.0,False,2032.0
4507024626_00020,122.0,122.0,122.0,True,0.0
4507024626_00110,244.0,244.0,244.0,True,0.0
4507024626_00250,126.0,126.0,126.0,True,0.0
4507024626_00260,59.0,59.0,59.0,True,0.0
4507024626_00270,668.0,668.0,668.0,True,0.0
4507024626_00280,157.0,157.0,157.0,True,0.0
4507024626_00290,59.0,59.0,59.0,True,0.0
4507024633_00410,245.0,245.0,245.0,True,0.0
4507024657_00030,334.0,334.0,334.0,True,0.0
4507024767_00160,2036.0,2036.0,2036.0,True,0.0
4507024769_00140,2625.0,2625.0,2625.0,True,0.0
4507024848_00010,10540.0,10540.0,10540.0,True,0.0
4507024903_00370,822.0,822.0,822.0,True,0.0
4507024903_00430,119.0,119.0,119.0,True,0.0
4507024903_00470,345.0,345.0,345.0,True,0.0
4507024903_00510,135.0,135.0,135.0,True,0.0
4507024903_00620,418.0,418.0,418.0,True,0.0
4507024903_00630,165.0,165.0,165.0,True,0.0
4507024904_00070,9078.0,9078.0,9078.0,True,0.0
4507024909_00140,7518.0,7518.0,7518.0,True,0.0
4507024912_00010,9959.0,9959.0,9959.0,True,0.0
4507024922_00010,17320.0,17320.0,17320.0,True,0.0
4507024924_00001,334.0,127657.0,1670.0,False,127323.0
4507024925_00001,660.0,17834.0,22458.0,False,21798.0
4507024927_00001,597.0,195389.0,4182.0,False,194792.0
4507024928_00001,4238.0,966366.0,161061.0,False,962128.0
4507024929_00001,438.0,63965.0,1752.0,False,63527.0
4507024931_00001,727.0,199324.0,8002.0,False,198597.0
4507024932_00001,675.0,254663.0,13509.0,False,253988.0
4507024933_00001,723.0,179443.0,13024.0,False,178720.0
4507024935_00001,1002.0,3006.0,7014.0,False,6012.0
4507024937_00001,536.0,536.0,2684.0,False,2148.0
4507024938_00001,12.0,25.0,25.0,False,13.0
4507024939_00001,544.0,544.0,3268.0,False,2724.0
4507025198_00010,38908.0,38908.0,38908.0,True,0.0
4507025257_00010,3464.0,3464.0,3464.0,True,0.0
4507025265_00010,29661.0,29661.0,29661.0,True,0.0
4507025272_00001,536.0,536.0,2684.0,False,2148.0
4507025273_00001,927.0,927.0,5565.0,False,4638.0
4507025387_00140,3605.0,3605.0,21631.0,False,18026.0
4507025512_00001,373.0,8589.0,373.0,False,8216.0
4507025626_00001,40.0,2058.0,443.0,False,2018.0
4507025628_00001,536.0,536.0,2684.0,False,2148.0
4507025630_00001,1773.0,1773.0,7092.0,False,5319.0
4507025772_00010,23122.0,23122.0,23122.0,True,0.0
4507025979_00001,536.0,536.0,2147.0,False,1611.0
4507025980_00001,412.0,412.0,2884.0,False,2472.0
4507026043_00001,2338.0,2338.0,37412.0,False,35074.0
4507026059_00010,3466.0,3466.0,3466.0,True,0.0
4507026059_00020,4160.0,4160.0,4160.0,True,0.0
4507026061_00001,673.0,220333.0,4042.0,False,219660.0
4507026063_00001,750.0,72783.0,18008.0,False,72033.0
4507026066_00001,999.0,32970.0,4995.0,False,31971.0
4507026068_00001,1870.0,581631.0,86029.0,False,579761.0
4507026072_00001,675.0,5403.0,13509.0,False,12834.0
4507026073_00001,1300.0,361618.0,15609.0,False,360318.0
4507026082_00001,23.0,12979.0,372.0,False,12956.0
4507026085_00001,536.0,536.0,3221.0,False,2685.0
4507026086_00001,241.0,241.0,725.0,False,484.0
4507026107_00150,1026.0,1026.0,1026.0,True,0.0
4507026107_00230,1237.0,1237.0,1237.0,True,0.0
4507026136_00010,2246.0,2246.0,2246.0,True,0.0
4507026208_00080,825.0,825.0,825.0,True,0.0
4507026230_00010,9810.0,9810.0,9810.0,True,0.0
4507026367_00010,1219.0,1219.0,1219.0,True,0.0
4507026374_00001,143.0,286.0,143.0,False,143.0
4507026375_00001,675.0,174278.0,13509.0,False,173603.0
4507026378_00001,1723.0,1723.0,31021.0,False,29298.0
4507026380_00001,727.0,77838.0,8002.0,False,77111.0
4507026435_00001,1435.0,743798.0,54564.0,False,742363.0
4507026436_00001,812.0,140620.0,14631.0,False,139808.0
4507026579_00010,38174.0,38174.0,38174.0,True,0.0
4507026628_00520,63.0,63.0,63.0,True,0.0
4507026628_00530,63.0,63.0,63.0,True,0.0
4507026628_00580,85.0,85.0,85.0,True,0.0
4507026632_00200,775.0,775.0,775.0,True,0.0
4507026632_00210,985.0,985.0,985.0,True,0.0
4507026654_00010,245.0,245.0,245.0,True,0.0
4507026731_00010,5196.0,5196.0,5196.0,True,0.0
4507026800_00010,19645.0,19645.0,19645.0,True,0.0
4507026865_00020,10081.0,10081.0,90734.0,False,80653.0
4507026884_00001,28.0,172.0,373.0,False,345.0
4507026885_00001,1205.0,1084909.0,16876.0,False,1083704.0
4507026886_00001,536.0,536.0,2684.0,False,2148.0
4507026887_00001,496.0,496.0,1987.0,False,1491.0
4507026937_00010,8692.0,8692.0,8692.0,True,0.0
4507026941_00010,8692.0,8692.0,8692.0,True,0.0
4507027005_00020,6269.0,6269.0,18808.0,False,12539.0
4507027047_00120,1263.0,1263.0,1263.0,True,0.0
4507027103_00001,1481.0,457684.0,10368.0,False,456203.0
4507027104_00001,638.0,138558.0,3831.0,False,137920.0
4507027232_00010,1438.0,1438.0,1438.0,True,0.0
4507027249_00001,536.0,536.0,3221.0,False,2685.0
4507027251_00001,1030.0,1030.0,7213.0,False,6183.0
4507027478_00001,10.0,53.0,53.0,False,43.0
4507027479_00001,536.0,536.0,3221.0,False,2685.0
4507027480_00001,1764.0,1764.0,3528.0,False,1764.0
4507027519_00290,733.0,733.0,733.0,True,0.0
4507027519_00300,733.0,733.0,733.0,True,0.0
4507027564_00130,3946.0,3946.0,3946.0,True,0.0
4507027694_00001,17.0,207.0,241.0,False,224.0
4507027695_00001,1205.0,621952.0,14464.0,False,620747.0
4507027696_00001,536.0,536.0,2684.0,False,2148.0
4507027697_00001,1011.0,1011.0,4045.0,False,3034.0
4507027830_00010,3190.0,3190.0,3190.0,True,0.0
4507027903_00030,2012.0,2012.0,4025.0,False,2013.0
4507027922_00010,38908.0,38908.0,38908.0,True,0.0
4507027947_00400,12498.0,12498.0,12498.0,True,0.0
4507027960_00010,2557.0,2557.0,2557.0,True,0.0
4507027962_00001,38.0,270.0,38.0,False,232.0
4507027964_00001,536.0,536.0,2147.0,False,1611.0
4507027966_00001,80.0,80.0,242.0,False,162.0
4507027967_00001,1148.0,1148.0,4593.0,False,3445.0
4507027999_00010,190.0,190.0,190.0,True,0.0
4507027999_00020,449.0,449.0,449.0,True,0.0
4507027999_00030,543.0,543.0,543.0,True,0.0
4507027999_00040,262.0,262.0,262.0,True,0.0
4507027999_00260,81.0,81.0,81.0,True,0.0
4507027999_00270,51.0,51.0,51.0,True,0.0
4507027999_00280,180.0,180.0,180.0,True,0.0
4507027999_00290,154.0,154.0,154.0,True,0.0
4507028038_00070,1349.0,1349.0,1349.0,True,0.0
4507028293_00001,64.0,968.0,129.0,False,904.0
4507028295_00001,536.0,536.0,2684.0,False,2148.0
4507028296_00001,165.0,165.0,993.0,False,828.0
4507028303_00010,1047.0,1047.0,1047.0,True,0.0
4507028360_00001,1733.0,1733.0,29475.0,False,27742.0
4507028362_00001,536.0,536.0,2147.0,False,1611.0
4507028363_00001,373.0,373.0,2986.0,False,2613.0
4507028491_00001,711.0,711.0,11384.0,False,10673.0
4507028492_00001,536.0,536.0,2147.0,False,1611.0
4507028493_00001,1058.0,1058.0,3175.0,False,2117.0
4507028517_00030,245.0,245.0,245.0,True,0.0
4507028553_00070,694.0,694.0,694.0,True,0.0
4507028564_00170,1970.0,1970.0,1970.0,True,0.0
4507028645_00010,10429.0,10429.0,10429.0,True,0.0
4507028752_00001,675.0,261418.0,13509.0,False,260743.0
4507028777_00001,2338.0,2338.0,28059.0,False,25721.0
4507028846_00001,965.0,287749.0,6759.0,False,286784.0
4507028849_00001,591.0,80452.0,14789.0,False,79861.0
4507028854_00001,962.0,210704.0,32712.0,False,209742.0
4507028856_00001,207.0,59428.0,1035.0,False,59221.0
4507028865_00001,2155.0,1122899.0,120695.0,False,1120744.0
4507028867_00001,727.0,43647.0,9456.0,False,42920.0
4507028868_00001,806.0,368409.0,11286.0,False,367603.0
4507028873_00001,76.0,994.0,229.0,False,918.0
4507028875_00001,536.0,536.0,3221.0,False,2685.0
4507028876_00001,381.0,381.0,1145.0,False,764.0
4507029113_00050,3637.0,3637.0,3637.0,True,0.0
4507029114_00010,2524.0,2524.0,5048.0,False,2524.0
4507029227_00010,2231.0,2231.0,2231.0,True,0.0
4507029255_00020,2416.0,2416.0,2416.0,True,0.0
4507029258_00320,1738.0,1738.0,1738.0,True,0.0
4507029263_00040,4876.0,4876.0,4876.0,True,0.0
4507029292_00001,41.0,1357.0,411.0,False,1316.0
4507029293_00001,536.0,536.0,2684.0,False,2148.0
4507029322_00030,74.0,74.0,74.0,True,0.0
4507029607_00010,36456.0,36456.0,36456.0,True,0.0
4507029609_00010,36456.0,36456.0,36456.0,True,0.0
4507029612_00010,2085.0,2085.0,2085.0,True,0.0
4507029639_00010,38908.0,38908.0,38908.0,True,0.0
4507029669_00010,111.0,111.0,111.0,True,0.0
4507029673_00010,49384.0,49384.0,49384.0,True,0.0
4507029676_00010,55557.0,55557.0,55557.0,True,0.0
4507029707_00001,2599.0,2599.0,5198.0,False,2599.0
4507029710_00001,536.0,536.0,2684.0,False,2148.0
4507029711_00001,1826.0,1826.0,5479.0,False,3653.0
4507029771_00110,1468.0,1468.0,1468.0,True,0.0
4507029991_00010,19741.0,19741.0,19741.0,True,0.0
4507029994_00010,11844.0,11844.0,11844.0,True,0.0
4507030038_00010,1467.0,1467.0,1467.0,True,0.0
4507030052_00010,55557.0,55557.0,55557.0,True,0.0
4507030053_00010,55557.0,55557.0,55557.0,True,0.0
4507030059_00010,38174.0,38174.0,38174.0,True,0.0
4507030077_00001,536.0,536.0,2684.0,False,2148.0
4507030078_00001,789.0,789.0,3949.0,False,3160.0
4507030118_00210,245.0,245.0,245.0,True,0.0
4507030118_00270,50.0,50.0,50.0,True,0.0
4507030118_00280,1466.0,1466.0,1466.0,True,0.0
4507030118_00290,1466.0,1466.0,1466.0,True,0.0
4507030328_00001,310.0,3101.0,2791.0,False,2791.0
4507030329_00001,536.0,536.0,2147.0,False,1611.0
4507030330_00001,586.0,586.0,3521.0,False,2935.0
4507030349_00001,727.0,60379.0,11639.0,False,59652.0
4507030350_00001,1723.0,1723.0,18957.0,False,17234.0
4507030429_00001,1428.0,1428.0,1428.0,True,0.0
4507030435_00001,1204.0,32512.0,13245.0,False,31308.0
4507030436_00001,14.0,158.0,100.0,False,144.0
4507030475_00050,2269.0,2269.0,2269.0,True,0.0
4507030486_00130,1827.0,1827.0,1827.0,True,0.0
4507030610_00010,5975.0,5975.0,5975.0,True,0.0
4507030626_00010,55557.0,55557.0,55557.0,True,0.0
4507030628_00010,55557.0,55557.0,55557.0,True,0.0
4507030717_00010,38908.0,38908.0,38908.0,True,0.0
4507030722_00010,38174.0,38174.0,38174.0,True,0.0
4507030737_00001,7.0,264.0,121.0,False,257.0
4507030738_00001,536.0,536.0,2684.0,False,2148.0
4507030776_00070,256.0,256.0,256.0,True,0.0
4507030979_00940,572.0,572.0,572.0,True,0.0
4507030982_00060,7981.0,7981.0,7981.0,True,0.0
4507030982_00070,3890.0,3890.0,3890.0,True,0.0
4507031078_00290,2607.0,2607.0,2607.0,True,0.0
4507031098_00001,16.0,658.0,118.0,False,642.0
4507031103_00001,536.0,536.0,2684.0,False,2148.0
4507031104_00001,927.0,927.0,3710.0,False,2783.0
4507031168_00150,4612.0,4612.0,4612.0,True,0.0
4507031352_00010,98914.0,98914.0,98914.0,True,0.0
4507031410_00010,7451.0,7451.0,7451.0,True,0.0
4507031500_00001,16.0,16.0,259.0,False,243.0
4507031510_00001,536.0,536.0,3758.0,False,3222.0
4507031511_00001,122.0,122.0,489.0,False,367.0
4507031711_00030,10738.0,10738.0,21477.0,False,10739.0
4507031711_00040,4650.0,4650.0,9301.0,False,4651.0
4507031715_00030,11576.0,11576.0,115761.0,False,104185.0
4507031794_00001,153.0,1535.0,1382.0,False,1382.0
4507031795_00001,536.0,536.0,2684.0,False,2148.0
4507031797_00001,423.0,423.0,1695.0,False,1272.0
4507031808_00001,39.0,156.0,195.0,False,156.0
4507031815_00020,1923.0,1923.0,1923.0,True,0.0
4507031821_00160,2041.0,2041.0,2041.0,True,0.0
4507031887_00001,1723.0,1723.0,17233.0,False,15510.0
4507031914_00010,1202.0,1202.0,1202.0,True,0.0
4507031969_00001,1428.0,1428.0,1428.0,True,0.0
4507031976_00001,675.0,185086.0,12158.0,False,184411.0
4507031979_00001,675.0,485008.0,16887.0,False,484333.0
4507031999_00001,1149.0,4596.0,45967.0,False,44818.0
4507032018_00001,765.0,3061.0,22963.0,False,22198.0
4507032085_00001,1199.0,321488.0,26390.0,False,320289.0
4507032086_00001,1373.0,744361.0,61801.0,False,742988.0
4507032095_00001,591.0,132510.0,2957.0,False,131919.0
4507032097_00001,1979.0,514672.0,17815.0,False,512693.0
4507032100_00001,659.0,139179.0,5276.0,False,138520.0
4507032120_00001,989.0,453200.0,8905.0,False,452211.0
4507032139_00001,23.0,453.0,262.0,False,430.0
4507032141_00001,536.0,536.0,2147.0,False,1611.0
4507032142_00001,672.0,672.0,2018.0,False,1346.0
4507032150_00060,1018.0,1018.0,1018.0,True,0.0
4507032157_00300,207.0,207.0,207.0,True,0.0
4507032157_00570,255.0,255.0,255.0,True,0.0
4507032158_00100,1292.0,1292.0,2585.0,False,1293.0
4507032159_00050,2926.0,2926.0,2926.0,True,0.0
4507032163_00010,5448.0,5448.0,5448.0,True,0.0
4507032163_00020,1837.0,1837.0,1837.0,True,0.0
4507032176_00001,2420.0,167043.0,16946.0,False,164623.0
4507032178_00001,581.0,265148.0,12210.0,False,264567.0
4507032191_00001,11.0,9603.0,610.0,False,9592.0
4507032203_00001,68.0,3364.0,137.0,False,3296.0
4507032376_00020,7809.0,7809.0,7809.0,True,0.0
4507032400_00001,736.0,178860.0,22081.0,False,178124.0
4507032401_00001,493.0,52839.0,2469.0,False,52346.0
4507032402_00001,621.0,223209.0,6217.0,False,222588.0
4507032403_00001,675.0,172927.0,14185.0,False,172252.0
4507032404_00001,1220.0,399009.0,30505.0,False,397789.0
4507032472_00001,536.0,536.0,3221.0,False,2685.0
4507032473_00001,172.0,172.0,688.0,False,516.0
4507032474_00001,19.0,39.0,59.0,False,40.0
4507032507_00040,641.0,641.0,641.0,True,0.0
4507032509_00090,6413.0,6413.0,6413.0,True,0.0
4507032510_00090,1189.0,1189.0,1189.0,True,0.0
4507032512_00001,1339.0,510448.0,9378.0,False,509109.0
4507032516_00090,245.0,245.0,245.0,True,0.0
4507032517_00001,936.0,198454.0,6552.0,False,197518.0
4507032527_00001,2338.0,2338.0,32735.0,False,30397.0
4507032683_00010,23122.0,23122.0,23122.0,True,0.0
4507032792_00001,276.0,553.0,5535.0,False,5259.0
4507032797_00001,536.0,536.0,3221.0,False,2685.0
4507032798_00001,227.0,227.0,1139.0,False,912.0
4507032800_00001,16.0,66.0,33.0,False,50.0
4507032962_00001,727.0,223330.0,2909.0,False,222603.0
4507033080_00260,1652.0,1652.0,1652.0,True,0.0
4507033086_00001,41.0,124.0,748.0,False,707.0
4507033088_00001,536.0,536.0,3221.0,False,2685.0
4507033089_00001,67.0,67.0,269.0,False,202.0
4507033122_00030,316.0,316.0,316.0,True,0.0
4507033128_00100,1521.0,1521.0,1521.0,True,0.0
4507033168_00010,3464.0,3464.0,3464.0,True,0.0
4507033398_00020,1136.0,1136.0,1136.0,True,0.0
4507033437_00001,20.0,103.0,185.0,False,165.0
4507033439_00001,536.0,536.0,3221.0,False,2685.0
4507033440_00001,701.0,701.0,4209.0,False,3508.0
4507033681_00110,1773.0,1773.0,1773.0,True,0.0
4507033780_00010,1370.0,1370.0,1370.0,True,0.0
4507033818_00010,713.0,713.0,713.0,True,0.0
4507034004_00030,2085.0,2085.0,2085.0,True,0.0
4507034005_00020,834.0,834.0,834.0,True,0.0
4507034028_00010,807.0,807.0,807.0,True,0.0
4507034055_00001,12.0,171.0,61.0,False,159.0
4507034057_00001,17.0,160.0,53.0,False,143.0
4507034058_00001,536.0,536.0,2684.0,False,2148.0
4507034059_00001,203.0,203.0,812.0,False,609.0
4507034204_00010,78915.0,78915.0,78915.0,True,0.0
4507034217_00010,38908.0,38908.0,38908.0,True,0.0
4507034322_00001,140.0,700.0,1542.0,False,1402.0
4507034323_00001,536.0,536.0,2147.0,False,1611.0
4507034324_00001,586.0,586.0,3521.0,False,2935.0
4507034353_00020,245.0,245.0,245.0,True,0.0
4507034568_00010,13232.0,13232.0,13232.0,True,0.0
4507034596_00010,55557.0,55557.0,55557.0,True,0.0
4507034682_00001,26.0,296.0,377.0,False,351.0
4507034685_00001,536.0,536.0,4832.0,False,4296.0
4507034686_00001,503.0,503.0,3523.0,False,3020.0
4507034753_00001,906.0,408043.0,26296.0,False,407137.0
4507034789_00050,4908.0,4908.0,4908.0,True,0.0
4507034895_00140,1725.0,1725.0,1725.0,True,0.0
4507034899_00140,4436.0,4436.0,4436.0,True,0.0
4507034901_00050,99.0,99.0,99.0,True,0.0
4507035099_00010,154.0,154.0,154.0,True,0.0
4507035100_00020,1857.0,1857.0,1857.0,True,0.0
4507035104_00460,234.0,234.0,469.0,False,235.0
4507035108_00150,1723.0,1723.0,1723.0,True,0.0
4507035108_00160,1550.0,1550.0,1550.0,True,0.0
4507035108_00170,869.0,869.0,869.0,True,0.0
4507035125_00001,10.0,21.0,194.0,False,184.0
4507035127_00001,536.0,536.0,3758.0,False,3222.0
4507035128_00001,122.0,122.0,613.0,False,491.0
4507035342_00010,6409.0,6409.0,6409.0,True,0.0
4507035342_00020,3367.0,3367.0,3367.0,True,0.0
4507035342_00030,7104.0,7104.0,7104.0,True,0.0
4507035342_00040,1683.0,1683.0,1683.0,True,0.0
4507035342_00050,4219.0,4219.0,4219.0,True,0.0
4507035342_00060,2525.0,2525.0,2525.0,True,0.0
4507035342_00070,3966.0,3966.0,3966.0,True,0.0
4507035342_00080,4153.0,4153.0,4153.0,True,0.0
4507035342_00120,4660.0,4660.0,4660.0,True,0.0
4507035342_00140,5287.0,5287.0,5287.0,True,0.0
4507035342_00150,2525.0,2525.0,2525.0,True,0.0
4507035342_00160,3965.0,3965.0,3965.0,True,0.0
4507035342_00170,2904.0,2904.0,2904.0,True,0.0
4507035342_00180,6378.0,6378.0,6378.0,True,0.0
4507035342_00190,2567.0,2567.0,2567.0,True,0.0
4507035342_00210,3358.0,3358.0,3358.0,True,0.0
4507035416_00001,101.0,101.0,1322.0,False,1221.0
4507035419_00001,536.0,536.0,2684.0,False,2148.0
4507035420_00001,196.0,196.0,982.0,False,786.0
4507035437_00001,1160.0,20884.0,2320.0,False,19724.0
4507035459_00090,44.0,44.0,44.0,True,0.0
4507035459_00100,76.0,76.0,76.0,True,0.0
4507035639_00030,23.0,23.0,23.0,True,0.0
4507035641_00010,4364.0,4364.0,4364.0,True,0.0
4507035665_00100,6517.0,6517.0,19551.0,False,13034.0
4507035723_00001,36.0,775.0,369.0,False,739.0
4507035724_00001,1204.0,624067.0,8433.0,False,622863.0
4507035725_00001,536.0,536.0,2684.0,False,2148.0
4507035726_00001,1027.0,1027.0,5139.0,False,4112.0
4507035924_00001,623.0,1026344.0,28682.0,False,1025721.0
4507035926_00001,415.0,66541.0,1247.0,False,66126.0
4507036076_00001,1202.0,104657.0,4811.0,False,103455.0
4507036078_00001,536.0,536.0,3758.0,False,3222.0
4507036079_00001,40226.0,80452.0,40226.0,False,40226.0
4507036080_00001,209.0,209.0,838.0,False,629.0
4507036108_00070,74.0,74.0,74.0,True,0.0
4507036108_00310,78.0,78.0,78.0,True,0.0
4507036108_00320,245.0,245.0,245.0,True,0.0
4507036299_00001,1726.0,260705.0,12085.0,False,258979.0
4507036303_00001,615.0,160541.0,3690.0,False,159926.0
4507036304_00001,727.0,727.0,10911.0,False,10184.0
4507036305_00001,1723.0,1723.0,13787.0,False,12064.0
4507036306_00001,675.0,221563.0,16887.0,False,220888.0
4507036317_00001,1169.0,776362.0,18707.0,False,775193.0
4507036343_00010,49384.0,49384.0,49384.0,True,0.0
4507036370_00060,2545.0,2545.0,2545.0,True,0.0
4507036370_00100,1361.0,1361.0,1361.0,True,0.0
4507036374_00050,475.0,475.0,475.0,True,0.0
4507036382_00010,38174.0,38174.0,38174.0,True,0.0
4507036383_00010,38174.0,38174.0,38174.0,True,0.0
4507036422_00001,18.0,54.0,235.0,False,217.0
4507036426_00001,1204.0,385280.0,16856.0,False,384076.0
4507036427_00001,536.0,536.0,3758.0,False,3222.0
4507036428_00001,640.0,640.0,3202.0,False,2562.0
4507036571_00180,4290.0,4290.0,4290.0,True,0.0
4507036573_00050,329.0,329.0,329.0,True,0.0
4507036710_00010,55557.0,55557.0,55557.0,True,0.0
4507036721_00010,6376.0,6376.0,6376.0,True,0.0
4507036732_00010,13564.0,13564.0,13564.0,True,0.0
4507036734_00010,21461.0,21461.0,21461.0,True,0.0
4507036761_00010,38858.0,38858.0,38858.0,True,0.0
4507036788_00001,43.0,1033.0,602.0,False,990.0
4507036791_00001,536.0,536.0,3221.0,False,2685.0
4507036792_00001,776.0,776.0,3104.0,False,2328.0
4507036930_00001,2062.0,189761.0,14438.0,False,187699.0
4507036975_00001,1389.0,479504.0,31966.0,False,478115.0
4507037061_00010,29715.0,29715.0,29715.0,True,0.0
4507037095_00130,630.0,630.0,630.0,True,0.0
4507037099_00001,1741.0,6965.0,22638.0,False,20897.0
4507037101_00001,536.0,536.0,2147.0,False,1611.0
4507037102_00001,383.0,383.0,1151.0,False,768.0
4507037128_00170,245.0,245.0,245.0,True,0.0
4507037165_00001,6.0,306.0,226.0,False,300.0
4507037170_00001,631.0,143987.0,4420.0,False,143356.0
4507037171_00001,118.0,81023.0,5922.0,False,80905.0
4507037176_00001,1238.0,113945.0,4954.0,False,112707.0
4507037198_00010,32907.0,32907.0,32907.0,True,0.0
4507037199_00001,2338.0,2338.0,25720.0,False,23382.0
4507037213_00080,718.0,718.0,718.0,True,0.0
4507037219_00070,1969.0,1969.0,1969.0,True,0.0
4507037419_00001,675.0,256014.0,15536.0,False,255339.0
4507037421_00001,100.0,1610.0,1207.0,False,1510.0
4507037423_00001,1205.0,987168.0,14464.0,False,985963.0
4507037424_00001,536.0,536.0,2684.0,False,2148.0
4507037425_00001,1148.0,1148.0,4593.0,False,3445.0
4507037735_00010,8660.0,8660.0,8660.0,True,0.0
4507037743_00050,6414.0,6414.0,6414.0,True,0.0
4507037754_00160,1738.0,1738.0,1738.0,True,0.0
4507037765_00001,16.0,161.0,323.0,False,307.0
4507037768_00001,536.0,536.0,2684.0,False,2148.0
4507037769_00001,1049.0,1049.0,3148.0,False,2099.0
4507038002_00010,3464.0,3464.0,3464.0,True,0.0
4507038056_00001,82.0,82.0,820.0,False,738.0
4507038057_00001,25.0,779.0,51.0,False,754.0
4507038059_00001,536.0,536.0,3221.0,False,2685.0
4507038060_00001,536.0,536.0,2680.0,False,2144.0
4507038156_00130,3634.0,3634.0,3634.0,True,0.0
4507038372_00001,33.0,169.0,271.0,False,238.0
4507038375_00001,536.0,536.0,2684.0,False,2148.0
4507038376_00001,120.0,120.0,482.0,False,362.0
4507038407_00170,82.0,82.0,82.0,True,0.0
4507038407_00190,245.0,245.0,245.0,True,0.0
4507038635_00001,9.0,59.0,118.0,False,109.0
4507038636_00001,536.0,536.0,3221.0,False,2685.0
4507038637_00001,263.0,263.0,1841.0,False,1578.0
4507038648_00010,95609.0,95609.0,95609.0,True,0.0
4507038733_00001,1732.0,242588.0,12129.0,False,240856.0
4507038735_00001,729.0,137866.0,18965.0,False,137137.0
4507038736_00001,336.0,92903.0,1683.0,False,92567.0
4507038738_00001,386.0,23975.0,773.0,False,23589.0
4507038739_00001,4945.0,1854714.0,247295.0,False,1849769.0
4507038748_00030,26.0,26.0,26.0,True,0.0
4507038751_00001,2338.0,2338.0,32735.0,False,30397.0
4507038752_00060,6581.0,6581.0,6581.0,True,0.0
4507038753_00001,1829.0,554447.0,40256.0,False,552618.0
4507038857_00010,17320.0,17320.0,17320.0,True,0.0
4507038981_00001,675.0,135099.0,8105.0,False,134424.0
4507039016_00130,1352.0,1352.0,1352.0,True,0.0
4507039017_00250,830.0,830.0,830.0,True,0.0
4507039017_00260,654.0,654.0,654.0,True,0.0
4507039017_00280,775.0,775.0,775.0,True,0.0
4507039017_00450,431.0,431.0,431.0,True,0.0
4507039017_00520,861.0,861.0,861.0,True,0.0
4507039020_00001,443.0,1329.0,4430.0,False,3987.0
4507039022_00001,536.0,536.0,2147.0,False,1611.0
4507039023_00001,167.0,167.0,837.0,False,670.0
4507039179_00010,37190.0,37190.0,37190.0,True,0.0
4507039182_00010,55557.0,55557.0,55557.0,True,0.0
4507039187_00020,406.0,406.0,406.0,True,0.0
4507039192_00080,975.0,975.0,975.0,True,0.0
4507039253_00001,24.0,372.0,446.0,False,422.0
4507039256_00001,536.0,536.0,2684.0,False,2148.0
4507039258_00001,636.0,636.0,2546.0,False,1910.0
4507039283_00060,99.0,99.0,99.0,True,0.0
4507039283_00180,245.0,245.0,245.0,True,0.0
4507039440_00010,521.0,521.0,521.0,True,0.0
4507039440_00090,881.0,881.0,881.0,True,0.0
4507039440_00190,1139.0,1139.0,1139.0,True,0.0
4507039573_00010,9819.0,9819.0,9819.0,True,0.0
4507039581_00010,43301.0,43301.0,43301.0,True,0.0
4507039581_00020,6928.0,6928.0,6928.0,True,0.0
4507039584_00010,34641.0,34641.0,34641.0,True,0.0
4507039584_00020,31176.0,31176.0,31176.0,True,0.0
4507039585_00010,471.0,471.0,471.0,True,0.0
4507039586_00010,2076.0,2076.0,2076.0,True,0.0
4507039594_00020,5467.0,5467.0,5467.0,True,0.0
4507039596_00010,8996.0,8996.0,8996.0,True,0.0
4507039609_00001,57.0,57.0,57.0,True,0.0
4507039610_00001,54.0,766.0,1095.0,False,1041.0
4507039612_00001,3346.0,197433.0,10038.0,False,194087.0
4507039613_00001,536.0,536.0,3221.0,False,2685.0
4507039614_00001,822.0,822.0,4934.0,False,4112.0
4507039692_00110,1806.0,1806.0,1806.0,True,0.0
4507039734_00090,1677.0,1677.0,1677.0,True,0.0
4507039737_00080,703.0,703.0,703.0,True,0.0
4507039745_00030,188.0,188.0,188.0,True,0.0
4507039751_00110,2150.0,2150.0,2150.0,True,0.0
4507039754_00100,6482.0,6482.0,6482.0,True,0.0
4507039773_00010,13856.0,13856.0,13856.0,True,0.0
4507039787_00010,2424.0,2424.0,2424.0,True,0.0
4507039800_00001,2467.0,305924.0,19737.0,False,303457.0
4507039801_00001,962.0,375456.0,20216.0,False,374494.0
4507039802_00001,1548.0,478595.0,15488.0,False,477047.0
4507039803_00001,1097.0,166885.0,2195.0,False,165788.0
4507039805_00001,3208.0,2878104.0,160429.0,False,2874896.0
4507039807_00010,3734.0,3734.0,3734.0,True,0.0
4507039813_00060,3890.0,3890.0,3890.0,True,0.0
4507039814_00001,2338.0,2338.0,23382.0,False,21044.0
4507039816_00001,675.0,322213.0,3377.0,False,321538.0
4507039817_00070,6128.0,6128.0,6128.0,True,0.0
4507039821_00001,549.0,147757.0,10985.0,False,147208.0
4507039936_00001,27.0,189.0,297.0,False,270.0
4507039938_00001,1738.0,90380.0,5214.0,False,88642.0
4507039943_00001,536.0,536.0,1610.0,False,1074.0
4507039944_00001,1267.0,1267.0,6336.0,False,5069.0
4507039972_00040,209.0,209.0,209.0,True,0.0
4507039972_00330,245.0,245.0,245.0,True,0.0
4507039972_00340,245.0,245.0,245.0,True,0.0
4507039991_00030,6416.0,6416.0,19248.0,False,12832.0
4507040249_00001,47.0,1000.0,1000.0,False,953.0
4507040251_00001,536.0,536.0,2684.0,False,2148.0
4507040252_00001,636.0,636.0,2546.0,False,1910.0
4507040275_00110,255.0,255.0,255.0,True,0.0
4507040355_00030,680.0,680.0,680.0,True,0.0
4507040372_00170,2279.0,2279.0,2279.0,True,0.0
4507040550_00001,1203.0,865377.0,19257.0,False,864174.0
4507040551_00001,27.0,244.0,271.0,False,244.0
4507040552_00001,659.0,12528.0,14506.0,False,13847.0
4507040553_00001,536.0,536.0,2147.0,False,1611.0
4507040554_00001,155.0,155.0,932.0,False,777.0
4507040581_00001,1128.0,81250.0,28212.0,False,80122.0
4507040683_00010,3138.0,3138.0,3138.0,True,0.0
4507040825_00010,36871.0,36871.0,36871.0,True,0.0
4507040850_00040,861.0,861.0,861.0,True,0.0
4507040882_00010,39449.0,39449.0,39449.0,True,0.0
4507040888_00010,55744.0,55744.0,55744.0,True,0.0
4507040896_00010,38174.0,38174.0,38174.0,True,0.0
4507040905_00001,536.0,536.0,4295.0,False,3759.0
4507040906_00001,339.0,339.0,1699.0,False,1360.0
4507040964_00030,255.0,255.0,255.0,True,0.0
4507041171_00001,999.0,17997.0,18997.0,False,17998.0
4507041173_00001,536.0,536.0,3221.0,False,2685.0
4507041174_00001,605.0,605.0,4241.0,False,3636.0
4507041246_00030,407.0,407.0,407.0,True,0.0
4507041254_00130,2069.0,2069.0,2069.0,True,0.0
4507041265_00100,3484.0,3484.0,3484.0,True,0.0
4507041357_00010,19617.0,19617.0,19617.0,True,0.0
4507041509_00001,276.0,830.0,3321.0,False,3045.0
4507041511_00001,536.0,536.0,2147.0,False,1611.0
4507041512_00001,860.0,1720.0,1720.0,False,860.0
4507041695_00010,9791.0,9791.0,9791.0,True,0.0
4507041713_00040,736.0,736.0,736.0,True,0.0
4507041715_00220,170.0,170.0,170.0,True,0.0
4507041720_00200,1963.0,1963.0,1963.0,True,0.0
4507041740_00001,92.0,3150.0,1019.0,False,3058.0
4507041741_00001,536.0,536.0,1073.0,False,537.0
4507041742_00001,929.0,929.0,6508.0,False,5579.0
4507041809_00300,67.0,67.0,135.0,False,68.0
4507041900_00040,251.0,251.0,251.0,True,0.0
4507041910_00160,2855.0,2855.0,2855.0,True,0.0
4507041912_00040,288.0,288.0,288.0,True,0.0
4507041971_00001,1677.0,132556.0,8389.0,False,130879.0
4507041974_00001,818.0,203099.0,6551.0,False,202281.0
4507041977_00001,167.0,14088.0,335.0,False,13921.0
4507041986_00001,1723.0,1723.0,20680.0,False,18957.0
4507041987_00001,675.0,483657.0,17562.0,False,482982.0
4507041994_00001,787.0,70894.0,12603.0,False,70107.0
4507042041_00001,21.0,21.0,401.0,False,380.0
4507042042_00001,1205.0,437530.0,14463.0,False,436325.0
4507042043_00001,536.0,536.0,2147.0,False,1611.0
4507042044_00001,804.0,804.0,4827.0,False,4023.0
4508042105_00010,1161943.0,1161943.0,1161943.0,True,0.0
4508042205_00010,39449.0,39449.0,39449.0,True,0.0
4508042213_00010,49550.0,49550.0,49550.0,True,0.0
4508042306_00020,2837.0,2837.0,2837.0,True,0.0
4508042307_00160,138.0,138.0,138.0,True,0.0
4508042348_00001,536.0,536.0,1073.0,False,537.0
4508042349_00001,918.0,918.0,5509.0,False,4591.0
4508042519_00050,2705.0,2705.0,5410.0,False,2705.0
4508042662_00001,536.0,536.0,3221.0,False,2685.0
4508042663_00001,586.0,586.0,3521.0,False,2935.0
4508042737_00010,9794.0,9794.0,9794.0,True,0.0
4508042816_00040,1511.0,1511.0,1511.0,True,0.0
4508042848_00100,3025.0,3025.0,3025.0,True,0.0
4508042864_00060,65.0,65.0,65.0,True,0.0
4508042867_00110,2900.0,2900.0,2900.0,True,0.0
4508042871_00110,3233.0,3233.0,3233.0,True,0.0
4508042966_00001,92.0,3799.0,1575.0,False,3707.0
4508042970_00001,536.0,536.0,3758.0,False,3222.0
4508042971_00001,1233.0,1233.0,6166.0,False,4933.0
4508043223_00001,25.0,51.0,233.0,False,208.0
4508043224_00001,536.0,536.0,2147.0,False,1611.0
4508043225_00001,1236.0,1236.0,1236.0,True,0.0
4508043256_00170,66.0,66.0,66.0,True,0.0
4508043256_00180,88.0,88.0,88.0,True,0.0
4508043256_00190,88.0,88.0,88.0,True,0.0
4508043256_00200,104.0,104.0,104.0,True,0.0
4508043256_00210,99.0,99.0,99.0,True,0.0
4508043256_00220,74.0,74.0,74.0,True,0.0
4508043256_00230,222.0,222.0,222.0,True,0.0
4508043256_00240,247.0,247.0,247.0,True,0.0
4508043256_00260,245.0,245.0,245.0,True,0.0
4508043256_00270,41.0,41.0,41.0,True,0.0
4508043256_00280,449.0,449.0,449.0,True,0.0
4508043256_00290,262.0,262.0,262.0,True,0.0
4508043256_00300,444.0,444.0,444.0,True,0.0
4508043256_00310,49.0,49.0,49.0,True,0.0
4508043256_00350,16.0,16.0,16.0,True,0.0
4508043256_00360,116.0,116.0,116.0,True,0.0
4508043256_00370,143.0,143.0,143.0,True,0.0
4508043256_00400,185.0,185.0,185.0,True,0.0
4508043256_00520,586.0,586.0,586.0,True,0.0
4508043256_00530,74.0,74.0,74.0,True,0.0
4508043351_00030,27.0,27.0,27.0,True,0.0
4508043534_00001,52.0,730.0,521.0,False,678.0
4508043536_00001,536.0,536.0,2147.0,False,1611.0
4508043537_00001,1110.0,1110.0,4440.0,False,3330.0
4508043667_00010,216506.0,216506.0,216506.0,True,0.0
4508043784_00001,536.0,536.0,3221.0,False,2685.0
4508043785_00001,583.0,583.0,2333.0,False,1750.0
4508044043_00110,223.0,223.0,446.0,False,223.0
4508044043_00190,138.0,138.0,138.0,True,0.0
4508044061_00001,61.0,183.0,674.0,False,613.0
4508044064_00001,536.0,536.0,2684.0,False,2148.0
4508044065_00001,187.0,187.0,1313.0,False,1126.0
4508044340_00010,14938.0,14938.0,14938.0,True,0.0
4508044410_00001,536.0,536.0,3221.0,False,2685.0
4508044412_00001,376.0,376.0,1505.0,False,1129.0
4508044589_00001,23.0,23.0,381.0,False,358.0
4508044590_00001,536.0,536.0,1073.0,False,537.0
4508044591_00001,408.0,408.0,4081.0,False,3673.0
4508044633_00130,2420.0,2420.0,2420.0,True,0.0
4508044677_00070,2683.0,2683.0,5366.0,False,2683.0
4508044763_00001,19.0,826.0,173.0,False,807.0
4508044765_00001,25.0,25.0,51.0,False,26.0
4508044767_00001,536.0,536.0,3221.0,False,2685.0
4508044768_00001,175.0,175.0,702.0,False,527.0
4508045041_00090,1351.0,1351.0,1351.0,True,0.0
4508045060_00010,29877.0,29877.0,29877.0,True,0.0
4508045067_00001,41.0,4400.0,622.0,False,4359.0
4508045068_00001,536.0,536.0,2684.0,False,2148.0
4508045069_00001,1175.0,1175.0,5875.0,False,4700.0
4508045094_00110,490.0,490.0,490.0,True,0.0
4508045380_00001,19.0,517.0,378.0,False,498.0
4508045382_00001,536.0,536.0,2147.0,False,1611.0
4508045383_00001,4146.0,8293.0,8293.0,False,4147.0
4508045384_00001,284.0,284.0,1704.0,False,1420.0
4508045430_00030,557.0,557.0,557.0,True,0.0
4508045450_00110,1479.0,1479.0,1479.0,True,0.0
4508045454_00050,463.0,463.0,463.0,True,0.0
4508045532_00010,9810.0,9810.0,9810.0,True,0.0
4508045721_00001,26.0,215.0,350.0,False,324.0
4508045722_00001,536.0,536.0,2147.0,False,1611.0
4508045723_00001,182.0,182.0,1461.0,False,1279.0
4508045944_00010,9622.0,9622.0,9622.0,True,0.0
4508045947_00010,3037.0,3037.0,3037.0,True,0.0
4508045958_00010,5237.0,5237.0,5237.0,True,0.0
4508045959_00130,1738.0,1738.0,1738.0,True,0.0
4508045964_00010,29877.0,29877.0,29877.0,True,0.0
4508045981_00001,48.0,48.0,731.0,False,683.0
4508045982_00001,536.0,536.0,2147.0,False,1611.0
4508045983_00001,444.0,444.0,2668.0,False,2224.0
4508046042_00001,43.0,14917.0,1130.0,False,14874.0
4508046054_00001,1249.0,163732.0,18747.0,False,162483.0
4508046063_00001,942.0,767459.0,46198.0,False,766517.0
4508046064_00001,718.0,105617.0,2873.0,False,104899.0
4508046071_00001,2338.0,2338.0,30397.0,False,28059.0
4508046074_00001,531.0,146090.0,2656.0,False,145559.0
4508046075_00001,964.0,19287.0,4821.0,False,18323.0
4508046078_00001,407.0,116221.0,2038.0,False,115814.0
4508046083_00001,1916.0,358375.0,15331.0,False,356459.0
4508046087_00001,1311.0,159970.0,9178.0,False,158659.0
4508046090_00001,817.0,88289.0,4087.0,False,87472.0
4508046093_00001,1299.0,465378.0,22098.0,False,464079.0
4508046094_00001,2216.0,531952.0,39896.0,False,529736.0
4508046106_00001,94.0,6145.0,189.0,False,6051.0
4508046107_00001,90.0,10035.0,271.0,False,9945.0
4508046110_00001,910.0,202116.0,34596.0,False,201206.0
4508046156_00001,856.0,230430.0,18845.0,False,229574.0
4508046158_00001,445.0,141702.0,9357.0,False,141257.0
4508046185_00030,1251.0,1251.0,1251.0,True,0.0
4508046185_00040,498.0,498.0,498.0,True,0.0
4508046247_00001,675.0,81059.0,12158.0,False,80384.0
4508046248_00001,675.0,281683.0,12158.0,False,281008.0
4508046256_00001,675.0,326266.0,16887.0,False,325591.0
4508046264_00001,2338.0,2338.0,25720.0,False,23382.0
4508046266_00001,2338.0,2338.0,32735.0,False,30397.0
4508046314_00001,24.0,422.0,273.0,False,398.0
4508046316_00001,536.0,536.0,1610.0,False,1074.0
4508046318_00001,168.0,168.0,1009.0,False,841.0
4508046482_00020,1431.0,1431.0,2863.0,False,1432.0
4508046503_00001,410.0,10259.0,410.0,False,9849.0
4508046507_00001,1154.0,386768.0,18472.0,False,385614.0
4508046514_00001,942.0,73483.0,21668.0,False,72541.0
4508046515_00001,2338.0,2338.0,21044.0,False,18706.0
4508046516_00001,675.0,171576.0,10132.0,False,170901.0
4508046522_00001,1582.0,621788.0,34807.0,False,620206.0
4508046594_00001,1204.0,181848.0,7225.0,False,180644.0
4508046595_00001,1341.0,175671.0,10728.0,False,174330.0
4508046596_00001,34.0,443.0,647.0,False,613.0
4508046599_00001,536.0,536.0,1073.0,False,537.0
4508046600_00001,1420.0,1420.0,7103.0,False,5683.0
4508046796_00001,24.0,120.0,290.0,False,266.0
4508046797_00001,536.0,536.0,2147.0,False,1611.0
4508046798_00001,186.0,186.0,1682.0,False,1496.0
4508046829_00030,797.0,797.0,797.0,True,0.0
4508046830_00070,154.0,154.0,154.0,True,0.0
4508047007_00001,9.0,39.0,118.0,False,109.0
4508047009_00001,536.0,536.0,1073.0,False,537.0
4508047010_00001,470.0,470.0,1412.0,False,942.0
4508047030_00140,245.0,245.0,490.0,False,245.0
4508047177_00010,41829.0,41829.0,41829.0,True,0.0
4508047247_00001,12.0,246.0,207.0,False,234.0
4508047249_00001,536.0,536.0,1073.0,False,537.0
4508047250_00001,616.0,616.0,3081.0,False,2465.0
4508047391_00010,49079.0,49079.0,49079.0,True,0.0
4508047542_00050,1426.0,1426.0,1426.0,True,0.0
4508047555_00010,10375.0,10375.0,10375.0,True,0.0
4508047598_00001,101.0,101.0,2031.0,False,1930.0
4508047599_00001,1205.0,420697.0,9643.0,False,419492.0
4508047600_00001,536.0,536.0,2147.0,False,1611.0
4508047639_00010,15339.0,15339.0,15339.0,True,0.0
4508047650_00010,6780.0,6780.0,13561.0,False,6781.0
4508047836_00001,536.0,536.0,1610.0,False,1074.0
4508047837_00001,88.0,88.0,176.0,False,88.0
4508047838_00001,376.0,376.0,1505.0,False,1129.0
4508048097_00040,3683.0,3683.0,7366.0,False,3683.0
4508048107_00020,3878.0,3878.0,3878.0,True,0.0
4508048110_00001,9.0,19.0,108.0,False,99.0
4508048112_00001,1205.0,470114.0,10848.0,False,468909.0
4508048113_00001,536.0,536.0,1073.0,False,537.0
4508048114_00001,1873.0,1873.0,3746.0,False,1873.0
4508048196_00130,4047.0,4047.0,4047.0,True,0.0
4508048384_00001,62.0,940.0,689.0,False,878.0
4508048385_00001,536.0,536.0,1610.0,False,1074.0
4508048386_00001,182.0,182.0,913.0,False,731.0
4508048410_00370,209.0,209.0,209.0,True,0.0
4508048565_00020,1105.0,1105.0,1105.0,True,0.0
4508048570_00010,1730.0,1730.0,1730.0,True,0.0
4508048605_00001,187.0,2630.0,2254.0,False,2443.0
4508048695_00170,4444.0,4444.0,4444.0,True,0.0
4508048696_00050,1825.0,1825.0,7302.0,False,5477.0
4508048770_00010,658.0,658.0,658.0,True,0.0
4508048817_00001,11.0,254.0,104.0,False,243.0
4508048875_00001,675.0,85112.0,11483.0,False,84437.0
4508048913_00001,382.0,141700.0,2297.0,False,141318.0
4508048929_00001,1246.0,525842.0,19937.0,False,524596.0
4508048936_00001,178.0,26309.0,715.0,False,26131.0
4508048950_00001,1778.0,670430.0,58684.0,False,668652.0
4508048957_00001,193.0,7554.0,387.0,False,7361.0
4508048960_00001,819.0,264030.0,14759.0,False,263211.0
4508048972_00001,1723.0,1723.0,24127.0,False,22404.0
4508048987_00001,727.0,84385.0,727.0,False,83658.0
4508049123_00001,22.0,252.0,435.0,False,413.0
4508049447_00110,3895.0,3895.0,3895.0,True,0.0
4508049453_00100,7576.0,7576.0,7576.0,True,0.0
4508049532_00020,755.0,755.0,755.0,True,0.0
4508049534_00050,3101.0,3101.0,6203.0,False,3102.0
4508049589_00001,5.0,11.0,70.0,False,65.0
4508049613_00060,25.0,25.0,25.0,True,0.0
4508049613_00260,412.0,412.0,412.0,True,0.0
4508049745_00001,11.0,202.0,168.0,False,191.0
4508049752_00001,458.0,138412.0,2291.0,False,137954.0
4508049753_00001,502.0,40685.0,12557.0,False,40183.0
4508049754_00001,881.0,183454.0,6173.0,False,182573.0
4508049773_00001,610.0,635258.0,25043.0,False,634648.0
4508049786_00001,727.0,727.0,9456.0,False,8729.0
4508049787_00001,2338.0,2338.0,42088.0,False,39750.0
4508049788_00001,675.0,170225.0,12834.0,False,169550.0
4508049791_00001,1203.0,546325.0,21660.0,False,545122.0
4508049829_00110,1364.0,1364.0,1364.0,True,0.0
4508049836_00110,3475.0,3475.0,3475.0,True,0.0
4508049986_00001,675.0,138477.0,16887.0,False,137802.0
4508050072_00001,102.0,614.0,921.0,False,819.0
4508050387_00010,6376.0,6376.0,6376.0,True,0.0
4508050399_00001,22.0,252.0,297.0,False,275.0
4508050663_00010,15441.0,15441.0,30883.0,False,15442.0
4508050666_00001,21.0,2188.0,340.0,False,2167.0
4508050757_00100,5394.0,5394.0,5394.0,True,0.0
4508050758_00090,798.0,798.0,798.0,True,0.0
4508050905_00010,9050.0,9050.0,18101.0,False,9051.0
4508050905_00030,3477.0,3477.0,3477.0,True,0.0
4508050914_00001,27.0,1311.0,218.0,False,1284.0
4508051102_00010,17320.0,17320.0,17320.0,True,0.0
4508051105_00010,38676.0,38676.0,77353.0,False,38677.0
4508051214_00001,66.0,793.0,661.0,False,727.0
4508051243_00080,245.0,245.0,490.0,False,245.0
4508051273_00001,1018.0,123183.0,6108.0,False,122165.0
4508051274_00001,795.0,163904.0,21482.0,False,163109.0
4508051291_00001,164.0,34868.0,822.0,False,34704.0
4508051292_00001,134.0,11584.0,269.0,False,11450.0
4508051294_00001,1916.0,406238.0,72816.0,False,404322.0
4508051301_00001,727.0,16004.0,10184.0,False,15277.0
4508051303_00001,2338.0,2338.0,35074.0,False,32736.0
4508051316_00001,1068.0,292798.0,20303.0,False,291730.0
4508051317_00010,8384.0,8384.0,8384.0,True,0.0
4508051541_00001,1205.0,882291.0,10847.0,False,881086.0
4508051542_00001,85.0,170.0,683.0,False,598.0
4508051792_00040,2127.0,2127.0,4254.0,False,2127.0
4508051796_00001,10.0,10.0,205.0,False,195.0
4508051852_00030,6245.0,6245.0,18735.0,False,12490.0
4508052094_00001,28.0,458.0,344.0,False,430.0
4508052120_00001,1222.0,123514.0,6114.0,False,122292.0
4508052121_00001,904.0,19900.0,18090.0,False,18996.0
4508052126_00001,517.0,22767.0,1552.0,False,22250.0
4508052128_00001,174.0,1749.0,349.0,False,1575.0
4508052131_00001,1243.0,170367.0,31089.0,False,169124.0
4508052132_00001,2338.0,2338.0,30397.0,False,28059.0
4508052133_00001,675.0,108755.0,9456.0,False,108080.0
4508052134_00001,375.0,78398.0,4501.0,False,78023.0
4508052179_00070,1511.0,1511.0,1511.0,True,0.0
4508052187_00060,2206.0,2206.0,2206.0,True,0.0
4508052202_00110,3210.0,3210.0,3210.0,True,0.0
4508052288_00010,8198.0,8198.0,8198.0,True,0.0
4508052391_00010,6730.0,6730.0,6730.0,True,0.0
4508052396_00060,2091.0,2091.0,2091.0,True,0.0
4508052398_00040,1723.0,1723.0,1723.0,True,0.0
4508052410_00001,101.0,1017.0,712.0,False,916.0
4508052447_00160,245.0,245.0,245.0,True,0.0
4508052447_00310,1497.0,1497.0,1497.0,True,0.0
4508052467_00001,727.0,282982.0,1454.0,False,282255.0
4508052644_00001,21.0,153.0,284.0,False,263.0
4508052646_00001,536.0,536.0,1073.0,False,537.0
4508053075_00030,1327.0,1327.0,3981.0,False,2654.0
4508053085_00110,2197.0,2197.0,2197.0,True,0.0
4508053280_00001,9.0,88.0,39.0,False,79.0
4508053404_00010,34550.0,34550.0,34550.0,True,0.0
4508053906_00001,622.0,14942.0,8093.0,False,14320.0
4508053941_00040,2536.0,2536.0,2536.0,True,0.0
4508053942_00001,1088.0,74025.0,5443.0,False,72937.0
4508053944_00001,450.0,17109.0,10355.0,False,16659.0
4508053947_00001,422.0,151832.0,2960.0,False,151410.0
4508053949_00001,326.0,41815.0,980.0,False,41489.0
4508053950_00001,1534.0,343687.0,58304.0,False,342153.0
4508053951_00001,727.0,60379.0,8002.0,False,59652.0
4508053952_00001,2338.0,2338.0,42088.0,False,39750.0
4508053953_00001,675.0,174954.0,14860.0,False,174279.0
4508053956_00001,908.0,75423.0,10904.0,False,74515.0
4508054086_00020,725.0,725.0,725.0,True,0.0
4508054136_00010,1675.0,1675.0,1675.0,True,0.0
4508054144_00001,17.0,138.0,138.0,False,121.0
4508054335_00001,37.0,711.0,299.0,False,674.0
4508054359_00390,42.0,42.0,42.0,True,0.0
4508054391_00070,4553.0,4553.0,4553.0,True,0.0
4508054558_00001,536.0,536.0,1610.0,False,1074.0
4508054600_00001,13.0,134.0,147.0,False,134.0
4508054823_00010,27106.0,27106.0,27106.0,True,0.0
4508054889_00090,63.0,63.0,127.0,False,64.0
4508054918_00001,87.0,348.0,696.0,False,609.0
4508055187_00001,11.0,236.0,135.0,False,225.0
4508055243_00030,2503.0,2503.0,2503.0,True,0.0
4508055384_00001,1428.0,1428.0,1428.0,True,0.0
4508055407_00001,1342.0,63115.0,9400.0,False,61773.0
4508055408_00001,151.0,4856.0,151.0,False,4705.0
4508055409_00001,518.0,12957.0,2073.0,False,12439.0
4508055410_00001,1273.0,5092.0,40736.0,False,39463.0
4508055412_00001,363.0,20337.0,726.0,False,19974.0
4508055414_00001,1723.0,1723.0,29297.0,False,27574.0
4508055416_00001,675.0,27019.0,8105.0,False,26344.0
4508055418_00001,289.0,48702.0,3768.0,False,48413.0
4508055489_00001,19.0,19.0,417.0,False,398.0
4508055746_00001,34.0,307.0,273.0,False,273.0
4508055773_00001,1039.0,137178.0,38451.0,False,136139.0
4508055781_00001,606.0,101238.0,9093.0,False,100632.0
4508055866_00130,1260.0,1260.0,1260.0,True,0.0
4508055998_00001,536.0,536.0,1073.0,False,537.0
4508055999_00001,536.0,536.0,536.0,True,0.0
4508056001_00001,536.0,536.0,1073.0,False,537.0
4508056003_00001,536.0,536.0,4832.0,False,4296.0
4508056006_00001,536.0,536.0,536.0,True,0.0
4508056101_00010,14202.0,14202.0,28405.0,False,14203.0
4508056132_00001,101.0,915.0,1831.0,False,1730.0
4508056366_00001,9.0,138.0,148.0,False,139.0
4508056457_00060,6442.0,6442.0,19326.0,False,12884.0
4508056459_00020,2701.0,2701.0,5403.0,False,2702.0
4508056526_00010,16286.0,16286.0,16286.0,True,0.0
4508056682_00001,20.0,81.0,266.0,False,246.0
4508056760_00110,1913.0,1913.0,1913.0,True,0.0
4508056830_00030,3743.0,3743.0,3743.0,True,0.0
4508056830_00040,385.0,385.0,385.0,True,0.0
4508056852_00001,1428.0,1428.0,1428.0,True,0.0
4508056858_00001,991.0,56533.0,3967.0,False,55542.0
4508056859_00001,84.0,35737.0,1697.0,False,35653.0
4508056862_00001,74.0,2760.0,149.0,False,2686.0
4508056864_00001,2338.0,2338.0,25720.0,False,23382.0
4508056865_00001,675.0,176305.0,10132.0,False,175630.0
4508056867_00001,680.0,40161.0,7487.0,False,39481.0
4508056883_00080,43.0,43.0,43.0,True,0.0
4508056908_00001,536.0,536.0,3221.0,False,2685.0
4508056932_00001,107.0,12293.0,2156.0,False,12186.0
4508056959_00270,99.0,99.0,99.0,True,0.0
4508057137_00001,54.0,493.0,439.0,False,439.0
4508057188_00030,1595.0,1595.0,1595.0,True,0.0
4508057194_00001,727.0,2182.0,9456.0,False,8729.0
4508057466_00010,5802.0,5802.0,5802.0,True,0.0
4508057468_00001,31.0,95.0,538.0,False,507.0
4508057517_00001,150.0,3309.0,6618.0,False,6468.0
4508057596_00010,19325.0,19325.0,19325.0,True,0.0
4508057614_00010,1932.0,1932.0,1932.0,True,0.0
4508057642_00001,274.0,7697.0,5222.0,False,7423.0
4508057643_00001,1162.0,370859.0,36039.0,False,369697.0
4508057644_00001,143.0,4600.0,287.0,False,4457.0
4508057645_00001,727.0,727.0,10911.0,False,10184.0
4508057646_00001,1723.0,1723.0,27574.0,False,25851.0
4508057647_00001,673.0,128716.0,7412.0,False,128043.0
4508057727_00030,909.0,909.0,1818.0,False,909.0
4508057740_00030,914.0,914.0,914.0,True,0.0
4508057741_00001,65.0,2435.0,921.0,False,2370.0
4508057769_00150,87.0,87.0,87.0,True,0.0
4508057769_00160,87.0,87.0,87.0,True,0.0
4508057769_00220,139.0,139.0,139.0,True,0.0
4508057769_00240,169.0,169.0,169.0,True,0.0
4508057769_00250,49.0,49.0,49.0,True,0.0
4508057769_00290,98.0,98.0,98.0,True,0.0
4508057769_00340,245.0,245.0,245.0,True,0.0
4508057796_00001,1008.0,97851.0,4035.0,False,96843.0
4508057797_00001,239.0,18884.0,717.0,False,18645.0
4508057801_00001,675.0,148609.0,9456.0,False,147934.0
4508057947_00010,195.0,195.0,195.0,True,0.0
4508057947_00020,805.0,805.0,805.0,True,0.0
4508057974_00010,6238.0,6238.0,6238.0,True,0.0
4508057995_00001,35.0,595.0,490.0,False,560.0
4508058168_00090,6928.0,6928.0,6928.0,True,0.0
4508058169_00120,2245.0,2245.0,2245.0,True,0.0
4508058230_00001,536.0,536.0,2147.0,False,1611.0
4508058235_00001,92.0,92.0,276.0,False,184.0
4508058239_00001,536.0,536.0,1073.0,False,537.0
4508058335_00001,37.0,377.0,679.0,False,642.0
4508058382_00020,449.0,449.0,449.0,True,0.0
4508058382_00300,439.0,439.0,439.0,True,0.0
4508058382_00330,116.0,116.0,116.0,True,0.0
4508058382_00340,635.0,635.0,635.0,True,0.0
4508058382_00370,91.0,91.0,91.0,True,0.0
4508058382_00380,30.0,30.0,30.0,True,0.0
4508058382_00390,38.0,38.0,38.0,True,0.0
4508058382_00400,14.0,14.0,14.0,True,0.0
4508058382_00410,38.0,38.0,38.0,True,0.0
4508058382_00430,66.0,66.0,66.0,True,0.0
4508058382_00460,21.0,21.0,21.0,True,0.0
4508058382_00470,49.0,49.0,49.0,True,0.0
4508058382_00480,123.0,123.0,123.0,True,0.0
4508058382_00490,148.0,148.0,148.0,True,0.0
4508058382_00510,256.0,256.0,256.0,True,0.0
4508058382_00520,245.0,245.0,245.0,True,0.0
4508058382_00530,245.0,245.0,245.0,True,0.0
4508058382_00540,490.0,490.0,490.0,True,0.0
4508058382_00560,426.0,426.0,426.0,True,0.0
4508058382_00570,494.0,494.0,494.0,True,0.0
4508058538_00010,194673.0,194673.0,194673.0,True,0.0
4508058594_00001,26.0,269.0,215.0,False,243.0
4508058677_00110,339.0,339.0,339.0,True,0.0
4508058700_00100,7494.0,7494.0,7494.0,True,0.0
4508059067_00040,1260.0,1260.0,1260.0,True,0.0
4508059273_00020,1806.0,1806.0,7227.0,False,5421.0
4508059663_00120,4586.0,4586.0,4586.0,True,0.0
4508059989_00001,517.0,265505.0,10868.0,False,264988.0
4508059993_00001,161.0,10953.0,483.0,False,10792.0
4508060002_00001,492.0,2462.0,492.0,False,1970.0
4508060013_00001,294.0,23299.0,589.0,False,23005.0
4508060016_00001,1723.0,1723.0,20680.0,False,18957.0
4508060018_00001,675.0,253312.0,12158.0,False,252637.0
4508060022_00001,574.0,74672.0,7467.0,False,74098.0
4508060100_00060,85.0,85.0,85.0,True,0.0
4508060107_00010,58899.0,58899.0,58899.0,True,0.0
4508060221_00030,2536.0,2536.0,2536.0,True,0.0
4508060223_00040,13856.0,13856.0,13856.0,True,0.0
4508060246_00010,8616.0,8616.0,8616.0,True,0.0
4508060674_00001,536.0,536.0,2147.0,False,1611.0
4508060676_00001,536.0,536.0,536.0,True,0.0
4508060679_00001,536.0,536.0,1073.0,False,537.0
4508060682_00001,536.0,536.0,1073.0,False,537.0
4508060685_00001,536.0,536.0,1073.0,False,537.0
4508060690_00001,536.0,536.0,2147.0,False,1611.0
4508060979_00001,536.0,536.0,1610.0,False,1074.0
4508061081_00020,6391.0,6391.0,19174.0,False,12783.0
4508061098_00001,975.0,150281.0,5855.0,False,149306.0
4508061129_00001,1428.0,1428.0,1428.0,True,0.0
4508061184_00001,536.0,536.0,536.0,True,0.0
4508061447_00001,536.0,536.0,1073.0,False,537.0
4508061461_00001,111.0,39609.0,559.0,False,39498.0
4508061462_00001,502.0,364665.0,9041.0,False,364163.0
4508061463_00001,1293.0,36213.0,32333.0,False,34920.0
4508061464_00001,89.0,5704.0,178.0,False,5615.0
4508061465_00001,727.0,138945.0,9456.0,False,138218.0
4508061466_00001,2338.0,2338.0,25720.0,False,23382.0
4508061467_00001,675.0,193868.0,14185.0,False,193193.0
4508061468_00001,637.0,57399.0,5739.0,False,56762.0
4508061887_00001,727.0,150584.0,8002.0,False,149857.0
4508062379_00001,536.0,536.0,536.0,True,0.0
4508062405_00040,3674.0,3674.0,3674.0,True,0.0
4508062432_00030,11517.0,11517.0,115174.0,False,103657.0
4508062547_00060,400.0,400.0,400.0,True,0.0
4508062548_00160,2554.0,2554.0,2554.0,True,0.0
4508062739_00001,536.0,536.0,2147.0,False,1611.0
4508062773_00001,536.0,536.0,1610.0,False,1074.0
4508062913_00001,2338.0,2338.0,28059.0,False,25721.0
4508062914_00001,1706.0,167194.0,17060.0,False,165488.0
4508062995_00001,547.0,120351.0,2735.0,False,119804.0
4508062997_00001,783.0,167719.0,16458.0,False,166936.0
4508063002_00001,624.0,127321.0,3744.0,False,126697.0
4508063003_00001,12.0,1268.0,36.0,False,1256.0
4508063004_00001,866.0,23407.0,27742.0,False,26876.0
4508063010_00001,675.0,401246.0,12158.0,False,400571.0
4508063013_00001,711.0,262393.0,11377.0,False,261682.0
4508063083_00050,1526.0,1526.0,4578.0,False,3052.0
4508063229_00001,536.0,536.0,1073.0,False,537.0
4508063451_00020,498.0,498.0,498.0,True,0.0
4508063541_00001,536.0,536.0,1073.0,False,537.0
4508063562_00130,245.0,245.0,245.0,True,0.0
4508063928_00001,536.0,536.0,2147.0,False,1611.0
4508063950_00001,786.0,17311.0,4721.0,False,16525.0
4508063952_00001,502.0,66302.0,7534.0,False,65800.0
4508063954_00001,1245.0,331404.0,32392.0,False,330159.0
4508063955_00001,44.0,399.0,88.0,False,355.0
4508063959_00001,2338.0,2338.0,25720.0,False,23382.0
4508063960_00001,675.0,12158.0,10132.0,False,11483.0
4508063962_00001,172.0,31136.0,1729.0,False,30964.0
4508064047_00100,2428.0,2428.0,2428.0,True,0.0
4508064189_00001,606.0,606.0,6062.0,False,5456.0
4508064212_00010,13354.0,13354.0,13354.0,True,0.0
4508064256_00001,536.0,536.0,1610.0,False,1074.0
4508064464_00001,536.0,536.0,1610.0,False,1074.0
4508065023_00001,1250.0,30017.0,30017.0,False,28767.0
4508065025_00001,1023.0,79826.0,26608.0,False,78803.0
4508065026_00001,1723.0,1723.0,17233.0,False,15510.0
4508065027_00001,282.0,32250.0,1980.0,False,31968.0
4508065033_00001,536.0,536.0,1073.0,False,537.0
4508065319_00010,8660.0,8660.0,8660.0,True,0.0
4508065338_00001,536.0,536.0,536.0,True,0.0
4508065347_00001,343.0,34381.0,1375.0,False,34038.0
4508065349_00001,675.0,2026.0,5403.0,False,4728.0
4508065353_00001,727.0,163678.0,5819.0,False,162951.0
4508065754_00010,9522.0,9522.0,199971.0,False,190449.0
4508066038_00030,691.0,691.0,691.0,True,0.0
4508066425_00010,25114.0,25114.0,25114.0,True,0.0
4508066643_00010,53102.0,53102.0,53102.0,True,0.0
4508067047_00010,3059.0,3059.0,3059.0,True,0.0
4508067213_00010,40356.0,40356.0,40356.0,True,0.0
4508067451_00001,196.0,14123.0,588.0,False,13927.0
4508067452_00001,704.0,512394.0,21144.0,False,511690.0
4508067462_00001,727.0,42920.0,8002.0,False,42193.0
4508067465_00001,1075.0,1079958.0,60236.0,False,1078883.0
4508067470_00001,2338.0,2338.0,21044.0,False,18706.0
4508067471_00001,675.0,153338.0,16887.0,False,152663.0
4508067475_00001,726.0,146723.0,8716.0,False,145997.0
4508067723_00001,536.0,536.0,536.0,True,0.0
4508068090_00030,1826.0,1826.0,7305.0,False,5479.0
4508068608_00010,70148.0,280592.0,280592.0,False,210444.0
4508068894_00001,51.0,19500.0,255.0,False,19449.0
4508068895_00001,502.0,145163.0,14566.0,False,144661.0
4508068898_00001,43.0,15377.0,261.0,False,15334.0
4508068911_00001,1723.0,1723.0,20680.0,False,18957.0
4508068913_00001,675.0,185762.0,12158.0,False,185087.0
4508068919_00001,173.0,21047.0,2609.0,False,20874.0
4508068922_00001,727.0,16731.0,9456.0,False,16004.0
4508069025_00010,97601.0,97601.0,97601.0,True,0.0
4508069817_00060,411.0,411.0,411.0,True,0.0
4508070354_00001,1006.0,51318.0,7043.0,False,50312.0
4508070357_00001,952.0,92386.0,23810.0,False,91434.0
4508070379_00001,72.0,2891.0,216.0,False,2819.0
4508070380_00001,1223.0,221372.0,34245.0,False,220149.0
4508070385_00001,1723.0,1723.0,17233.0,False,15510.0
4508070386_00001,675.0,113483.0,8105.0,False,112808.0
4508070391_00001,704.0,152253.0,14802.0,False,151549.0
4508070405_00001,606.0,243699.0,9093.0,False,243093.0
4508070939_00001,1723.0,1723.0,25850.0,False,24127.0
4508071003_00010,1732.0,1732.0,1732.0,True,0.0
4508071313_00010,2276.0,2276.0,11381.0,False,9105.0
4508071356_00001,952.0,57160.0,6668.0,False,56208.0
4508071357_00001,514.0,60670.0,8226.0,False,60156.0
4508071360_00001,731.0,198338.0,16101.0,False,197607.0
4508071368_00001,675.0,60119.0,8781.0,False,59444.0
4508071372_00001,311.0,73827.0,3738.0,False,73516.0
4508071434_00001,744.0,744.0,7447.0,False,6703.0
4508072558_00001,15.0,453.0,15.0,False,438.0
4508073155_00001,675.0,141179.0,11483.0,False,140504.0
4508074006_00050,220.0,220.0,220.0,True,0.0
4508074550_00001,675.0,99298.0,12834.0,False,98623.0
4508075242_00001,675.0,162119.0,6754.0,False,161444.0
