file_name,amount,seq
batch1-0182,127.31,1
batch1-1294,192.5,2
batch1-1100,500.29,3
batch1-0345,6591.93,4
batch1-1375,21089.9,5
batch1-0474,44.28,6
batch1-1224,165.42,7
batch1-0572,462.77,8
batch1-0475,1883.91,9
batch1-1480,9556.58,10
batch1-0742,119.23,11
batch1-0884,275.0,12
batch1-0864,812.56,13
batch1-1165,6640.07,14
batch1-0415,21710.03,15
batch1-0471,40.3,16
batch1-0902,181.5,17
batch1-1019,409.05,18
batch1-0093,2235.2,19
batch1-0704,32880.8,20
batch1-0790,4.94,21
batch1-0296,169.25,22
batch1-1055,459.79,23
batch1-0336,4746.42,24
batch1-1325,39935.77,25
batch1-0724,55.66,26
batch1-1151,331.99,27
batch1-0088,500.24,28
batch1-1349,4783.7,29
batch1-0817,55378.76,30
batch1-0397,159.45,31
batch1-0979,220.44,32
batch1-0165,698.89,33
batch1-1312,1980.0,34
batch1-0500,34486.08,35
batch1-0073,53.96,36
batch1-1273,280.5,37
batch1-1226,1393.63,38
batch1-0427,3756.43,39
batch1-0964,33794.35,40
batch1-0809,60.45,41
batch1-0283,314.27,42
batch1-0796,882.05,43
batch1-1439,2463.78,44
batch1-0367,93439.3,45
batch1-0452,39.53,46
batch1-0108,360.58,47
batch1-0824,589.41,48
batch1-0851,5224.97,49
batch1-0560,14030.36,50
batch1-0428,10.98,51
batch1-0897,341.63,52
batch1-1178,675.82,53
batch1-1290,1512.48,54
batch1-0120,9908.95,55
batch1-0903,111.07,56
batch1-0705,255.64,57
batch1-1046,623.65,58
batch1-0816,2172.39,59
batch1-0677,16231.52,60
batch1-1185,14.0,61
batch1-0569,224.75,62
batch1-0914,529.9,63
batch1-0697,4113.92,64
batch1-1319,17820.0,65
batch1-0223,111.0,66
batch1-1261,306.44,67
batch1-1075,582.7,68
batch1-0463,2069.23,69
batch1-0859,36623.38,70
batch1-0549,70.52,71
batch1-0772,195.31,72
batch1-0556,566.78,73
batch1-1026,3157.01,74
batch1-0231,18614.34,75
batch1-1115,16.47,76
batch1-1047,395.99,77
batch1-1122,422.55,78
batch1-0133,3454.44,79
batch1-0245,158490.25,80
batch1-0674,65.98,81
batch1-0481,395.75,82
batch1-1331,760.48,83
batch1-0279,3255.91,84
batch1-0766,31774.49,85
batch1-1464,83.89,86
batch1-0933,328.83,87
batch1-0377,692.78,88
batch1-0012,5459.75,89
batch1-0050,25738.94,90
batch1-0793,31.02,91
batch1-1341,238.11,92
batch1-1148,1221.77,93
batch1-0522,3834.16,94
batch1-1025,15416.49,95
batch1-0169,25.52,96
batch1-1231,188.09,97
batch1-1381,538.67,98
batch1-0710,4272.92,99
batch1-0686,19330.41,100
batch1-1109,138.9,101
batch1-1287,173.8,102
batch1-1434,631.31,103
batch1-1169,4845.38,104
batch1-0026,9256.59,105
batch1-1051,110.0,106
batch1-1090,293.05,107
batch1-0932,916.21,108
batch1-0238,3065.64,109
batch1-0449,17711.25,110
batch1-1123,37.05,111
batch1-1403,219.89,112
batch1-1071,1126.13,113
batch1-1266,2858.84,114
batch1-1222,44262.48,115
batch1-0846,97.33,116
batch1-1166,228.71,117
batch1-1469,1129.04,118
batch1-0883,2345.76,119
batch1-0434,20986.37,120
batch1-0060,32.83,121
batch1-0126,274.42,122
batch1-0454,993.96,123
batch1-0717,4618.75,124
batch1-1068,33527.36,125
batch1-0167,86.56,126
batch1-0292,328.2,127
batch1-0266,760.1,128
batch1-0981,3490.29,129
batch1-0174,15937.63,130
batch1-1473,102.3,131
batch1-0100,235.79,132
batch1-0716,415.75,133
batch1-1377,5256.04,134
batch1-0692,7397.59,135
batch1-0374,6.6,136
batch1-1225,285.95,137
batch1-1344,816.49,138
batch1-0764,3766.06,139
batch1-0286,18471.6,140
batch1-0843,10.99,141
batch1-0049,342.87,142
batch1-1132,767.32,143
batch1-0757,1682.77,144
batch1-1484,7096.28,145
batch1-1124,158.4,146
batch1-1453,365.2,147
batch1-1134,577.31,148
batch1-1297,6494.81,149
batch1-0134,10818.95,150
batch1-1481,75.57,151
batch1-1024,242.7,152
batch1-1269,1116.62,153
batch1-1099,4532.0,154
batch1-0992,23844.07,155
batch1-1023,158.38,156
batch1-0270,331.78,157
batch1-0018,518.8,158
batch1-0163,1802.53,159
batch1-0836,53782.93,160
batch1-1210,105.94,161
batch1-1445,287.28,162
batch1-0390,502.74,163
batch1-0341,5950.69,164
batch1-0277,30210.16,165
batch1-0548,111.31,166
batch1-0755,405.67,167
batch1-1362,1124.0,168
batch1-0376,2568.45,169
batch1-1193,11021.86,170
batch1-1089,146.27,171
batch1-0033,329.84,172
batch1-0813,901.92,173
batch1-0503,2694.13,174
batch1-1332,19709.8,175
batch1-0358,26.53,176
batch1-0172,171.24,177
batch1-0547,1253.94,178
batch1-0194,3221.63,179
batch1-1093,19938.2,180
batch1-1244,98.58,181
batch1-1103,351.96,182
batch1-1131,1095.56,183
batch1-0122,2617.93,184
batch1-0848,30468.27,185
batch1-0949,26.94,186
batch1-1199,321.32,187
batch1-0230,570.82,188
batch1-1198,4583.61,189
batch1-0459,20085.99,190
batch1-0965,16.14,191
batch1-1421,197.96,192
batch1-1034,852.5,193
batch1-0963,5230.4,194
batch1-1183,23454.63,195
batch1-0987,40.69,196
batch1-0383,304.92,197
batch1-0862,605.0,198
batch1-0826,3305.18,199
batch1-0421,16537.65,200
batch1-0876,139.66,201
batch1-1374,167.16,202
batch1-1382,471.35,203
batch1-1456,3340.78,204
batch1-0868,18454.56,205
batch1-0329,46.75,206
batch1-1171,269.96,207
batch1-1049,687.5,208
batch1-0791,5013.8,209
batch1-0310,11880.0,210
batch1-0935,71.96,211
batch1-1470,400.4,212
batch1-1080,464.87,213
batch1-1218,1627.96,214
batch1-0890,15488.29,215
batch1-0801,104.45,216
batch1-0210,386.6,217
batch1-1069,1152.24,218
batch1-0901,1497.9,219
batch1-0745,114385.48,220
batch1-0760,52.8,221
batch1-1299,227.96,222
batch1-0260,1023.94,223
batch1-1162,5345.89,224
batch1-1423,9767.56,225
batch1-0962,143.0,226
batch1-0711,214.41,227
batch1-1180,659.67,228
batch1-0735,3241.81,229
batch1-0265,15803.26,230
batch1-0833,131.92,231
batch1-1411,166.91,232
batch1-0536,1121.93,233
batch1-0301,1759.88,234
batch1-0036,8479.08,235
batch1-0373,105.6,236
batch1-0435,312.04,237
batch1-0853,1208.85,238
batch1-1130,6232.82,239
batch1-1416,8389.96,240
batch1-1422,130.84,241
batch1-1056,339.79,242
batch1-0497,677.47,243
batch1-0061,5743.69,244
batch1-0161,113938.41,245
batch1-0854,14.82,246
batch1-0810,229.17,247
batch1-1311,546.16,248
batch1-1380,2298.03,249
batch1-0337,15231.45,250
batch1-0181,74.8,251
batch1-1158,324.41,252
batch1-0202,1182.5,253
batch1-1369,4651.38,254
batch1-0767,58667.76,255
batch1-0152,161.94,256
batch1-0525,172.41,257
batch1-1112,412.7,258
batch1-0891,4643.14,259
batch1-1013,81492.41,260
batch1-1420,43.98,261
batch1-1137,187.85,262
batch1-0237,1022.88,263
batch1-1365,1474.0,264
batch1-1173,29325.79,265
batch1-0141,43.95,266
batch1-0829,328.79,267
batch1-0734,1057.33,268
batch1-0669,4828.97,269
batch1-1144,8905.77,270
batch1-0869,52.44,271
batch1-0075,179.75,272
batch1-0892,664.02,273
batch1-1030,1800.81,274
batch1-0226,22409.38,275
batch1-0011,91.27,276
batch1-0320,186.96,277
batch1-0665,496.43,278
batch1-1105,3762.43,279
batch1-1081,46273.39,280
batch1-0142,104.97,281
batch1-1386,280.5,282
batch1-0119,701.72,283
batch1-0542,2837.86,284
batch1-0561,15094.83,285
batch1-0269,87.96,286
batch1-0446,359.26,287
batch1-0107,514.02,288
batch1-0175,5375.57,289
batch1-1146,10661.46,290
batch1-0920,116.29,291
batch1-0770,217.48,292
batch1-0381,665.49,293
batch1-0398,5370.54,294
batch1-0430,70053.37,295
batch1-0737,49.38,296
batch1-0758,290.18,297
batch1-0201,1159.39,298
batch1-0830,1408.94,299
batch1-0124,7737.7,300
batch1-0024,98.95,301
batch1-0683,320.65,302
batch1-0504,1176.62,303
batch1-0084,2322.84,304
batch1-0950,15804.54,305
batch1-0297,8.8,306
batch1-0993,257.95,307
batch1-0004,819.06,308
batch1-0566,3899.74,309
batch1-0244,9091.2,310
batch1-0114,2.99,311
batch1-1139,230.97,312
batch1-0880,420.39,313
batch1-1447,3695.93,314
batch1-1366,7933.79,315
batch1-0530,36.3,316
batch1-0146,205.21,317
batch1-0170,771.01,318
batch1-0030,2934.7,319
batch1-0934,72257.7,320
batch1-0218,78.58,321
batch1-0426,219.98,322
batch1-1474,442.93,323
batch1-0323,3153.58,324
batch1-0154,24038.28,325
batch1-0768,19.67,326
batch1-0516,395.25,327
batch1-0527,409.13,328
batch1-0974,3098.57,329
batch1-0261,21467.33,330
batch1-0438,76.99,331
batch1-0180,205.5,332
batch1-1370,480.36,333
batch1-1129,1451.91,334
batch1-0380,18749.5,335
batch1-0443,6.38,336
batch1-1031,323.84,337
batch1-1268,904.66,338
batch1-0189,5900.59,339
batch1-1220,7052.49,340
batch1-0221,125.23,341
batch1-0823,320.94,342
batch1-0929,614.05,343
batch1-0507,4304.03,344
batch1-0973,8679.0,345
batch1-0799,159.8,346
batch1-1449,270.94,347
batch1-1405,1330.97,348
batch1-1177,4237.17,349
batch1-1168,18230.85,350
batch1-0311,122.12,351
batch1-0408,328.42,352
batch1-0199,1023.94,353
batch1-0828,1658.25,354
batch1-0769,64774.93,355
batch1-0081,1.71,356
batch1-0013,237.29,357
batch1-1136,961.36,358
batch1-0789,5274.36,359
batch1-0495,137354.02,360
batch1-0257,25.5,361
batch1-0671,279.36,362
batch1-0928,606.66,363
batch1-0021,4958.16,364
batch1-0750,18710.63,365
batch1-0660,94.58,366
batch1-0708,272.73,367
batch1-0316,428.9,368
batch1-0370,4140.06,369
batch1-0911,7110.4,370
batch1-1243,44.85,371
batch1-0712,285.98,372
batch1-1054,640.15,373
batch1-1216,2655.37,374
batch1-0688,10560.0,375
batch1-0255,103.92,376
batch1-0254,181.34,377
batch1-0233,631.99,378
batch1-0156,1704.45,379
batch1-0291,9645.88,380
batch1-1154,19.22,381
batch1-0520,208.98,382
batch1-0978,934.31,383
batch1-0214,5371.27,384
batch1-0779,12074.79,385
batch1-1067,5.45,386
batch1-1157,255.31,387
batch1-0782,703.96,388
batch1-0071,1731.35,389
batch1-0062,84314.78,390
batch1-1408,81.33,391
batch1-1155,172.71,392
batch1-0693,759.11,393
batch1-0385,5255.87,394
batch1-0756,7433.21,395
batch1-0821,135.62,396
batch1-1446,212.09,397
batch1-0490,689.19,398
batch1-0267,5289.89,399
batch1-0360,33972.73,400
batch1-0293,12.76,401
batch1-1398,329.91,402
batch1-0106,465.17,403
batch1-0938,2348.08,404
batch1-0335,106498.92,405
batch1-1321,107.09,406
batch1-0396,337.45,407
batch1-0943,749.99,408
batch1-1391,4420.79,409
batch1-1320,8332.5,410
batch1-1415,115.68,411
batch1-0887,257.19,412
batch1-0819,720.57,413
batch1-0904,2900.15,414
batch1-0675,10153.76,415
batch1-0841,64.67,416
batch1-0906,391.55,417
batch1-1017,412.36,418
batch1-1487,5701.08,419
batch1-0343,17529.89,420
batch1-0997,109.96,421
batch1-0483,205.29,422
batch1-0125,1084.56,423
batch1-0818,3619.5,424
batch1-0820,16830.0,425
batch1-0473,19.76,426
batch1-1133,274.88,427
batch1-0056,494.89,428
batch1-0915,4640.5,429
batch1-1440,149105.43,430
batch1-0701,156.05,431
batch1-0721,214.24,432
batch1-1478,659.98,433
batch1-0372,5301.89,434
batch1-0248,11633.66,435
batch1-1387,159.95,436
batch1-1192,295.55,437
batch1-1248,665.43,438
batch1-0268,3129.42,439
batch1-0308,23988.86,440
batch1-0761,10.76,441
batch1-0575,335.17,442
batch1-1427,646.8,443
batch1-0541,5332.92,444
batch1-0732,81661.14,445
batch1-0333,137.5,446
batch1-0476,330.29,447
batch1-1288,474.02,448
batch1-0395,2388.93,449
batch1-1265,63240.53,450
batch1-0461,48.14,451
batch1-0159,386.05,452
batch1-0450,524.67,453
batch1-1014,5906.47,454
batch1-0663,41419.4,455
batch1-1121,76.98,456
batch1-0783,309.1,457
batch1-1306,999.22,458
batch1-0804,4174.28,459
batch1-1120,11880.0,460
batch1-0326,155.98,461
batch1-1078,394.34,462
batch1-0236,1100.73,463
batch1-1354,4268.89,464
batch1-0215,88976.98,465
batch1-0740,159.74,466
batch1-1389,274.13,467
batch1-0896,978.64,468
batch1-0551,1869.98,469
batch1-1035,12267.2,470
batch1-0053,73.76,471
batch1-0413,346.19,472
batch1-1214,434.42,473
batch1-1239,1966.71,474
batch1-0405,17108.96,475
batch1-1314,101.07,476
batch1-0687,165.66,477
batch1-0327,792.1,478
batch1-1217,3714.5,479
batch1-0664,76534.92,480
batch1-0739,68.16,481
batch1-0488,172.26,482
batch1-0253,1324.32,483
batch1-0110,1669.75,484
batch1-0105,70577.35,485
batch1-0363,21.45,486
batch1-0082,371.51,487
batch1-1337,575.49,488
batch1-1191,3827.98,489
batch1-0899,26677.2,490
batch1-0727,27.13,491
batch1-0034,373.98,492
batch1-0499,498.21,493
batch1-0417,1660.86,494
batch1-1396,29543.09,495
batch1-0130,66.99,496
batch1-0694,344.13,497
batch1-0129,891.0,498
batch1-0331,1773.75,499
batch1-0357,61189.67,500
batch1-0509,49.9,501
batch1-0112,178.83,502
batch1-1309,940.5,503
batch1-0882,2188.91,504
batch1-1038,9103.46,505
batch1-1263,22.0,506
batch1-0340,269.49,507
batch1-1368,1234.2,508
batch1-0113,4416.24,509
batch1-1486,38086.73,510
batch1-0744,20.34,511
batch1-1322,270.64,512
batch1-1461,833.7,513
batch1-0942,3933.72,514
batch1-1170,92902.69,515
batch1-1164,44.0,516
batch1-0359,362.27,517
batch1-0477,1028.36,518
batch1-1300,2953.35,519
batch1-1098,16691.02,520
batch1-0407,22.0,521
batch1-0894,382.98,522
batch1-0889,1080.08,523
batch1-0074,4151.23,524
batch1-1233,41306.81,525
batch1-0128,63.32,526
batch1-1378,271.12,527
batch1-0543,433.86,528
batch1-1092,3120.51,529
batch1-1425,58507.0,530
batch1-1293,131.98,531
batch1-0941,176.0,532
batch1-0553,778.49,533
batch1-1062,5034.62,534
batch1-1235,20437.73,535
batch1-0111,10.94,536
batch1-0285,200.4,537
batch1-0930,471.15,538
batch1-0402,6004.31,539
batch1-0239,7269.8,540
batch1-1042,4.36,541
batch1-0725,292.4,542
batch1-1044,569.69,543
batch1-1458,5322.08,544
batch1-0907,48416.63,545
batch1-1153,76.96,546
batch1-0307,228.1,547
batch1-1012,962.46,548
batch1-0404,4695.01,549
batch1-1241,45653.41,550
batch1-0898,15.36,551
batch1-0513,225.19,552
batch1-0132,714.95,553
batch1-0655,2782.39,554
batch1-0479,9145.62,555
batch1-0241,60.45,556
batch1-1345,391.59,557
batch1-0058,470.92,558
batch1-0749,4949.95,559
batch1-1016,46910.41,560
batch1-1409,142.02,561
batch1-0662,249.68,562
batch1-1327,572.0,563
batch1-0224,6140.09,564
batch1-0730,69138.73,565
batch1-0198,39.51,566
batch1-0094,394.19,567
batch1-1237,454.72,568
batch1-0362,3393.4,569
batch1-1437,11032.05,570
batch1-1285,148.19,571
batch1-0945,403.25,572
batch1-0344,889.76,573
batch1-0984,2977.67,574
batch1-1070,26577.76,575
batch1-0741,27.5,576
batch1-0867,201.06,577
batch1-0982,819.69,578
batch1-0722,2012.51,579
batch1-1202,14737.18,580
batch1-1390,16.5,581
batch1-0375,277.89,582
batch1-0923,680.34,583
batch1-0101,5439.26,584
batch1-0827,32042.55,585
batch1-0785,60.49,586
batch1-0429,261.41,587
batch1-0164,538.73,588
batch1-0937,4949.18,589
batch1-0403,32625.33,590
batch1-0087,6.58,591
batch1-0746,267.69,592
batch1-0458,467.17,593
batch1-0271,1843.4,594
batch1-1482,35563.37,595
batch1-0166,36.33,596
batch1-0870,302.39,597
batch1-1043,1186.57,598
batch1-0842,4146.5,599
batch1-0529,65395.63,600
batch1-0275,120.62,601
batch1-0153,232.16,602
batch1-0322,415.69,603
batch1-0282,2298.9,604
batch1-0913,6874.44,605
batch1-1203,19.77,606
batch1-0877,345.74,607
batch1-1340,1255.17,608
batch1-1108,3013.9,609
batch1-0349,7645.22,610
batch1-0211,142.9,611
batch1-1336,169.37,612
batch1-1116,1165.9,613
batch1-0171,1620.38,614
batch1-0029,7920.58,615
batch1-1286,59.32,616
batch1-1361,396.0,617
batch1-0707,1054.1,618
batch1-0350,3901.63,619
batch1-0729,51803.01,620
batch1-0240,126.9,621
batch1-0803,177.76,622
batch1-1407,428.83,623
batch1-1110,2601.39,624
batch1-1020,18561.36,625
batch1-1008,20.72,626
batch1-0135,274.95,627
batch1-0968,569.21,628
batch1-0051,2237.95,629
batch1-0227,46215.06,630
batch1-1088,119.87,631
batch1-0505,388.63,632
batch1-1174,450.54,633
batch1-1194,4254.39,634
batch1-0008,12973.88,635
batch1-0328,97.76,636
batch1-0985,395.96,637
batch1-0048,529.78,638
batch1-1135,3074.95,639
batch1-1373,43523.4,640
batch1-0956,4.36,641
batch1-1061,398.16,642
batch1-1127,686.75,643
batch1-0958,3948.95,644
batch1-0352,18863.63,645
batch1-0420,156.45,646
batch1-1334,274.18,647
batch1-1477,428.35,648
batch1-0467,2149.21,649
batch1-0431,22660.0,650
batch1-1179,162.35,651
batch1-1264,177.1,652
batch1-1466,661.64,653
batch1-1255,1722.39,654
batch1-1318,7425.0,655
batch1-0759,131.94,656
batch1-0946,397.96,657
batch1-0437,1037.38,658
batch1-0339,6146.7,659
batch1-1270,7589.84,660
batch1-0184,150.19,661
batch1-0432,191.57,662
batch1-1467,691.06,663
batch1-0229,5101.77,664
batch1-1172,12119.61,665
batch1-1353,47.37,666
batch1-0844,270.28,667
batch1-0353,561.7,668
batch1-0015,1469.45,669
batch1-0131,74294.55,670
batch1-0738,51.4,671
batch1-1295,182.15,672
batch1-0795,650.67,673
batch1-0278,2843.46,674
batch1-0822,30588.8,675
batch1-0216,47.28,676
batch1-0832,222.58,677
batch1-0321,457.91,678
batch1-1205,2015.04,679
batch1-0780,7876.46,680
batch1-1201,139.39,681
batch1-1476,296.02,682
batch1-0116,1028.39,683
batch1-1401,4356.0,684
batch1-0961,36651.71,685
batch1-0728,75.61,686
batch1-0057,389.0,687
batch1-0470,823.66,688
batch1-0568,2347.3,689
batch1-1058,73920.0,690
batch1-0865,65.45,691
batch1-0487,259.96,692
batch1-0814,574.51,693
batch1-0743,4916.88,694
batch1-0967,48517.63,695
batch1-0696,148.5,696
batch1-1147,169.34,697
batch1-0091,551.54,698
batch1-1152,2200.0,699
batch1-0228,37016.78,700
batch1-0067,21.56,701
batch1-1282,230.63,702
batch1-0875,458.96,703
batch1-0926,5888.8,704
batch1-0149,10865.23,705
batch1-0874,65.97,706
batch1-0019,188.11,707
batch1-0451,916.21,708
batch1-1005,3085.5,709
batch1-1272,61568.5,710
batch1-1292,126.23,711
batch1-1091,165.0,712
batch1-0699,421.25,713
batch1-0232,5553.0,714
batch1-0258,44630.49,715
batch1-0838,78.54,716
batch1-1004,231.39,717
batch1-0515,500.87,718
batch1-1208,6645.73,719
batch1-0480,9809.8,720
batch1-1419,42.68,721
batch1-0567,330.0,722
batch1-0773,1138.5,723
batch1-0002,6860.45,724
batch1-0123,8621.78,725
batch1-0295,43.96,726
batch1-1256,282.82,727
batch1-0325,833.12,728
batch1-0559,3640.86,729
batch1-0234,51823.31,730
batch1-1485,61.42,731
batch1-0315,324.5,732
batch1-1277,461.26,733
batch1-0534,1869.93,734
batch1-1206,35697.02,735
batch1-0044,81.68,736
batch1-1259,397.29,737
batch1-1360,559.89,738
batch1-0808,1509.64,739
batch1-0138,73824.49,740
batch1-1007,136.13,741
batch1-1065,323.11,742
batch1-0998,748.24,743
batch1-0996,2521.04,744
batch1-1073,47168.59,745
batch1-1448,147.13,746
batch1-1326,228.44,747
batch1-0059,1255.0,748
batch1-1468,2259.1,749
batch1-1209,26591.16,750
batch1-0222,47.77,751
batch1-1339,374.0,752
batch1-0995,891.0,753
batch1-0668,3625.57,754
batch1-0444,12955.61,755
batch1-0888,51.7,756
batch1-1246,234.4,757
batch1-0986,572.0,758
batch1-1333,6214.89,759
batch1-0535,42668.81,760
batch1-0528,87.99,761
batch1-0016,316.1,762
batch1-1399,411.18,763
batch1-0103,6097.29,764
batch1-0399,49665.33,765
batch1-0014,24.95,766
batch1-1087,354.15,767
batch1-1106,432.22,768
batch1-0751,4801.45,769
batch1-0453,29087.53,770
batch1-1488,129.53,771
batch1-0860,280.5,772
batch1-0517,504.69,773
batch1-0309,5989.26,774
batch1-0273,107680.75,775
batch1-0540,98.76,776
batch1-0466,377.52,777
batch1-1258,716.43,778
batch1-0068,2779.7,779
batch1-1211,12261.98,780
batch1-0953,117.6,781
batch1-1145,167.57,782
batch1-0852,672.08,783
batch1-0284,2194.5,784
batch1-0980,7328.87,785
batch1-1457,66.0,786
batch1-0526,377.05,787
batch1-0989,1161.01,788
batch1-0815,2188.73,789
batch1-0256,47502.39,790
batch1-0672,160.08,791
batch1-0040,191.26,792
batch1-0931,544.46,793
batch1-0085,2970.0,794
batch1-0720,34222.84,795
batch1-0095,32.95,796
batch1-0472,194.82,797
batch1-1278,789.2,798
batch1-0064,5411.82,799
batch1-0178,51998.08,800
batch1-1454,26.75,801
batch1-0419,365.13,802
batch1-1022,628.0,803
batch1-0187,5283.18,804
batch1-0736,8210.37,805
batch1-0247,9.35,806
batch1-0356,264.0,807
batch1-0086,1237.5,808
batch1-0151,3838.87,809
batch1-1431,13615.89,810
batch1-1189,117.7,811
batch1-1085,223.01,812
batch1-0220,486.6,813
batch1-0354,3805.63,814
batch1-1424,106081.93,815
batch1-0276,89.06,816
batch1-0754,302.58,817
batch1-1149,527.95,818
batch1-0118,3717.66,819
batch1-0243,19347.41,820
batch1-0351,109.94,821
batch1-0706,228.71,822
batch1-0314,880.89,823
batch1-1213,2850.93,824
batch1-1253,17124.42,825
batch1-1238,61.51,826
batch1-0078,312.93,827
batch1-0983,1332.32,828
batch1-0519,4713.34,829
batch1-0667,18165.14,830
batch1-0908,9.0,831
batch1-1083,305.57,832
batch1-0777,1133.54,833
batch1-0168,2511.2,834
batch1-0723,36946.22,835
batch1-0158,96.73,836
batch1-1410,205.81,837
batch1-0573,919.52,838
batch1-1279,2807.08,839
batch1-0195,47600.71,840
batch1-1059,127.0,841
batch1-0658,368.47,842
batch1-0369,716.27,843
batch1-0097,6208.38,844
batch1-0695,26660.87,845
batch1-0691,90.67,846
batch1-1438,272.65,847
batch1-0366,697.8,848
batch1-0916,6236.91,849
batch1-0805,13986.35,850
batch1-1436,21.52,851
batch1-0927,165.94,852
batch1-0464,633.96,853
batch1-1182,1593.58,854
batch1-1459,75351.02,855
batch1-0192,120.99,856
batch1-0330,389.27,857
batch1-0391,1026.71,858
batch1-0784,5312.84,859
batch1-1230,58523.19,860
batch1-0416,76.98,861
batch1-0478,387.11,862
batch1-1142,1025.61,863
batch1-0714,3567.15,864
batch1-1462,39000.6,865
batch1-0009,124.79,866
batch1-0957,264.09,867
batch1-1276,455.68,868
batch1-0209,6594.14,869
batch1-0365,19084.92,870
batch1-1011,1.99,871
batch1-0532,212.2,872
batch1-0511,682.0,873
batch1-0422,5857.51,874
batch1-0176,56295.35,875
batch1-1228,87.07,876
batch1-0900,397.51,877
batch1-1472,440.0,878
batch1-0203,3187.64,879
batch1-1315,54704.84,880
batch1-0378,131.92,881
batch1-1097,330.0,882
batch1-1003,1369.5,883
batch1-0661,1576.9,884
batch1-1475,6935.91,885
batch1-0508,65.78,886
batch1-0212,178.16,887
batch1-1064,648.93,888
batch1-1433,4729.96,889
batch1-0032,21151.66,890
batch1-1232,71.06,891
batch1-0020,327.08,892
batch1-1028,462.97,893
batch1-0338,3674.52,894
batch1-0389,15096.06,895
batch1-1095,98.96,896
batch1-0919,295.44,897
batch1-1400,555.37,898
batch1-0445,1770.9,899
batch1-0304,8377.33,900
batch1-1227,82.49,901
batch1-0412,284.86,902
batch1-1455,797.23,903
batch1-1196,3139.95,904
batch1-1352,8470.63,905
batch1-0966,160.33,906
batch1-0557,235.92,907
batch1-0765,978.12,908
batch1-1404,3057.69,909
batch1-0970,35572.0,910
batch1-1291,50.85,911
batch1-0555,222.3,912
batch1-1188,879.95,913
batch1-0411,4306.26,914
batch1-0518,124743.65,915
batch1-0382,112.13,916
batch1-0104,353.66,917
batch1-0878,475.75,918
batch1-0571,2260.5,919
batch1-0042,15574.11,920
batch1-0246,148.44,921
batch1-0409,329.83,922
batch1-1107,645.56,923
batch1-0038,2022.82,924
batch1-0386,40507.41,925
batch1-1324,64.72,926
batch1-0017,401.88,927
batch1-0400,414.67,928
batch1-0886,1665.4,929
batch1-1343,66614.44,930
batch1-1406,74.76,931
batch1-0673,211.57,932
batch1-0940,1143.66,933
batch1-1367,2750.0,934
batch1-0207,19208.48,935
batch1-0879,97.75,936
batch1-1037,272.47,937
batch1-0652,421.25,938
batch1-0678,3707.1,939
batch1-0825,95556.75,940
batch1-0537,79.53,941
batch1-0072,324.5,942
batch1-0976,549.98,943
batch1-0251,1438.21,944
batch1-1221,35342.91,945
batch1-0460,64.99,946
batch1-1308,293.4,947
batch1-0109,986.7,948
batch1-0305,1656.47,949
batch1-0318,39974.41,950
batch1-0066,1.99,951
batch1-0313,323.14,952
batch1-0319,593.2,953
batch1-1305,5873.9,954
batch1-1117,7598.61,955
batch1-0262,2.18,956
batch1-0346,190.62,957
batch1-1313,1113.15,958
batch1-1156,2529.57,959
batch1-1388,42402.27,960
batch1-0489,153.92,961
batch1-1015,330.0,962
batch1-0306,1330.04,963
batch1-0871,6220.32,964
batch1-0364,26329.42,965
batch1-0709,116.52,966
batch1-1328,327.53,967
batch1-1219,454.74,968
batch1-0498,2446.21,969
batch1-0786,20871.27,970
batch1-0484,66.0,971
batch1-0183,241.95,972
batch1-0700,567.55,973
batch1-1432,2823.64,974
batch1-1489,34397.78,975
batch1-0098,1.99,976
batch1-0418,274.45,977
batch1-0193,1349.08,978
batch1-0347,2099.42,979
batch1-1430,16179.9,980
batch1-1383,37.55,981
batch1-0280,203.19,982
batch1-0774,640.12,983
batch1-0145,6198.39,984
batch1-1045,20710.8,985
batch1-0137,44.0,986
batch1-0160,281.25,987
batch1-1444,835.99,988
batch1-1307,4952.82,989
batch1-1052,79238.76,990
batch1-0524,36.03,991
batch1-0531,351.97,992
batch1-0971,488.7,993
batch1-0455,4008.74,994
batch1-1348,14531.03,995
batch1-1351,62.46,996
batch1-0069,162.79,997
batch1-1372,879.73,998
batch1-0423,5597.66,999
batch1-0440,8210.08,1000
batch1-0288,1.09,1001
batch1-1190,174.52,1002
batch1-0539,489.38,1003
batch1-1460,2804.66,1004
batch1-1296,53572.82,1005
batch1-1001,32.97,1006
batch1-0355,266.11,1007
batch1-0235,418.84,1008
batch1-1363,2378.99,1009
batch1-0659,25346.42,1010
batch1-0063,154.0,1011
batch1-0807,335.04,1012
batch1-1302,1128.35,1013
batch1-0775,2425.87,1014
batch1-0242,19189.78,1015
batch1-0272,129.6,1016
batch1-1429,314.62,1017
batch1-0206,731.23,1018
batch1-0689,1576.18,1019
batch1-0762,52466.15,1020
batch1-1002,37.38,1021
batch1-0371,329.99,1022
batch1-0361,997.37,1023
batch1-0748,1523.45,1024
batch1-0485,14317.42,1025
batch1-0787,120.51,1026
batch1-1412,306.51,1027
batch1-1357,552.19,1028
batch1-1392,3002.98,1029
batch1-0022,47320.32,1030
batch1-0252,25.15,1031
batch1-0702,361.91,1032
batch1-1084,521.64,1033
batch1-0726,1767.34,1034
batch1-0715,37153.67,1035
batch1-0959,65.29,1036
batch1-0287,204.27,1037
batch1-0179,726.52,1038
batch1-0204,1473.8,1039
batch1-1118,26764.68,1040
batch1-0368,107.78,1041
batch1-0545,228.92,1042
batch1-0401,740.69,1043
batch1-0493,2389.07,1044
batch1-0921,8695.03,1045
batch1-1283,133.23,1046
batch1-0839,229.79,1047
batch1-1033,1102.9,1048
batch1-0001,6204.19,1049
batch1-0188,8357.28,1050
batch1-1125,138.53,1051
batch1-1428,307.89,1052
batch1-0144,415.73,1053
batch1-0792,6530.55,1054
batch1-0317,13111.43,1055
batch1-0465,108.06,1056
batch1-0881,231.12,1057
batch1-1138,584.48,1058
batch1-0077,5295.73,1059
batch1-1111,15764.17,1060
batch1-0031,29.67,1061
batch1-1086,262.63,1062
batch1-0219,565.0,1063
batch1-1346,4572.37,1064
batch1-0025,7920.0,1065
batch1-0570,43.96,1066
batch1-1186,210.8,1067
batch1-0028,1140.24,1068
batch1-1063,2810.26,1069
batch1-0003,44745.59,1070
batch1-1471,104.06,1071
batch1-0250,208.5,1072
batch1-0905,557.85,1073
batch1-0205,3262.02,1074
batch1-0679,8450.91,1075
batch1-1187,153.97,1076
batch1-0752,228.68,1077
batch1-0999,1017.45,1078
batch1-1181,5899.43,1079
batch1-0948,67572.13,1080
batch1-0990,3.29,1081
batch1-0080,291.92,1082
batch1-1223,712.45,1083
batch1-0208,5493.34,1084
batch1-1204,7098.43,1085
batch1-0259,130.83,1086
batch1-0684,180.87,1087
batch1-1126,764.24,1088
batch1-1074,1394.75,1089
batch1-0079,62778.56,1090
batch1-0924,110.0,1091
batch1-0076,187.0,1092
batch1-0294,989.67,1093
batch1-0731,1430.92,1094
batch1-1356,7986.35,1095
batch1-1159,117.04,1096
batch1-0289,350.24,1097
batch1-0139,743.58,1098
batch1-0457,2441.81,1099
batch1-0554,12627.75,1100
batch1-0177,19.22,1101
batch1-1284,203.41,1102
batch1-0441,924.44,1103
batch1-1275,5536.89,1104
batch1-0955,14934.73,1105
batch1-0763,80.28,1106
batch1-0300,343.87,1107
batch1-1113,720.43,1108
batch1-1160,1963.26,1109
batch1-0802,46660.9,1110
batch1-0653,145.94,1111
batch1-0771,402.99,1112
batch1-1079,437.7,1113
batch1-0054,4007.31,1114
batch1-0939,57483.07,1115
batch1-0197,9.0,1116
batch1-0433,306.82,1117
batch1-1443,493.83,1118
batch1-0136,5605.15,1119
batch1-1072,19932.0,1120
batch1-0835,142.11,1121
batch1-0225,199.2,1122
batch1-0925,482.25,1123
batch1-0954,6016.84,1124
batch1-0023,18281.24,1125
batch1-0456,99.0,1126
batch1-1441,282.59,1127
batch1-0657,533.18,1128
batch1-0538,5575.87,1129
batch1-1077,7973.98,1130
batch1-1039,41.8,1131
batch1-0496,246.28,1132
batch1-1267,913.45,1133
batch1-0388,2454.03,1134
batch1-0681,12412.48,1135
batch1-0885,28.75,1136
batch1-1271,362.03,1137
batch1-1000,897.52,1138
batch1-0960,5589.55,1139
batch1-0384,7237.02,1140
batch1-0342,92.88,1141
batch1-0564,189.99,1142
batch1-0944,503.92,1143
batch1-1076,4055.34,1144
batch1-1452,29726.4,1145
batch1-0037,151.38,1146
batch1-0991,343.9,1147
batch1-1394,568.49,1148
batch1-1163,4334.11,1149
batch1-0797,41027.47,1150
batch1-0798,104.85,1151
batch1-1184,292.03,1152
batch1-0099,495.3,1153
batch1-0442,3607.73,1154
batch1-0140,10319.1,1155
batch1-0912,82.2,1156
batch1-1029,288.15,1157
batch1-0977,1286.99,1158
batch1-1245,3386.35,1159
batch1-0482,8605.01,1160
batch1-0439,141.87,1161
batch1-1376,237.36,1162
batch1-0468,424.93,1163
batch1-0486,2861.8,1164
batch1-1281,34501.86,1165
batch1-0676,112.12,1166
batch1-1050,296.91,1167
batch1-0703,769.54,1168
batch1-0682,1627.98,1169
batch1-1379,10898.16,1170
batch1-1402,56.1,1171
batch1-0185,237.6,1172
batch1-1274,694.9,1173
batch1-1096,5296.43,1174
batch1-1200,53550.75,1175
batch1-0410,41.53,1176
batch1-0200,162.72,1177
batch1-0654,481.79,1178
batch1-1215,5536.2,1179
batch1-0994,36210.72,1180
batch1-0127,19.77,1181
batch1-1260,362.42,1182
batch1-1104,594.52,1183
batch1-1384,1704.6,1184
batch1-0550,31822.25,1185
batch1-0065,152.87,1186
batch1-0491,276.6,1187
batch1-0856,747.96,1188
batch1-0010,6573.33,1189
batch1-0143,17740.25,1190
batch1-0092,32.83,1191
batch1-1057,188.89,1192
batch1-0191,1095.24,1193
batch1-1119,5826.92,1194
batch1-1032,56338.59,1195
batch1-1435,28.24,1196
batch1-1479,193.02,1197
batch1-1317,478.68,1198
batch1-1330,4207.37,1199
batch1-0155,81508.24,1200
batch1-0303,87.96,1201
batch1-0670,296.48,1202
batch1-1280,1392.84,1203
batch1-1254,1416.77,1204
batch1-0778,7876.78,1205
batch1-1242,59.0,1206
batch1-0501,164.97,1207
batch1-0469,1214.29,1208
batch1-0849,5687.3,1209
batch1-0348,31954.82,1210
batch1-0861,123.09,1211
batch1-1465,176.0,1212
batch1-1289,1055.99,1213
batch1-0917,1938.76,1214
batch1-0162,17672.06,1215
batch1-0719,131.98,1216
batch1-1257,196.42,1217
batch1-0083,1190.54,1218
batch1-0713,3323.1,1219
batch1-0447,10305.77,1220
batch1-1150,85.76,1221
batch1-0910,387.09,1222
batch1-0502,439.95,1223
batch1-0866,2506.78,1224
batch1-0680,131334.52,1225
batch1-0895,109.94,1226
batch1-0494,232.95,1227
batch1-1247,1237.74,1228
batch1-0563,2623.28,1229
batch1-0041,194521.7,1230
batch1-1082,70.14,1231
batch1-0510,229.08,1232
batch1-0035,722.11,1233
batch1-0847,6369.92,1234
batch1-0690,11692.71,1235
batch1-0831,97.52,1236
batch1-0424,245.2,1237
batch1-0045,549.98,1238
batch1-0039,3004.96,1239
batch1-1060,84274.59,1240
batch1-0845,76.91,1241
batch1-0863,175.3,1242
batch1-1229,705.92,1243
batch1-0043,2804.92,1244
batch1-0533,16811.7,1245
batch1-0406,106.7,1246
batch1-0806,193.56,1247
batch1-1167,802.73,1248
batch1-1304,3003.09,1249
batch1-1463,20601.2,1250
batch1-0298,162.33,1251
batch1-1483,188.31,1252
batch1-0718,676.46,1253
batch1-1212,6325.0,1254
batch1-1364,94435.43,1255
batch1-0922,71.39,1256
batch1-0436,307.93,1257
batch1-0249,600.15,1258
batch1-0090,3541.78,1259
batch1-1175,11788.23,1260
batch1-0544,45.95,1261
batch1-0523,300.81,1262
batch1-0332,1129.39,1263
batch1-0148,1721.01,1264
batch1-0834,18604.53,1265
batch1-1342,9.88,1266
batch1-0263,247.84,1267
batch1-0936,998.53,1268
batch1-1371,1473.67,1269
batch1-0850,28940.34,1270
batch1-0565,118.73,1271
batch1-1323,317.24,1272
batch1-0448,714.03,1273
batch1-1102,5902.45,1274
batch1-0387,8487.82,1275
batch1-1250,57.2,1276
batch1-0102,321.95,1277
batch1-0027,838.68,1278
batch1-1161,3046.86,1279
batch1-1355,8134.09,1280
batch1-0089,154.1,1281
batch1-1195,207.53,1282
batch1-0425,610.81,1283
batch1-1249,1821.48,1284
batch1-0972,48801.1,1285
batch1-0855,95.94,1286
batch1-0324,198.0,1287
batch1-0753,560.99,1288
batch1-0096,5664.9,1289
batch1-0055,14832.92,1290
batch1-1176,22.0,1291
batch1-0781,237.49,1292
batch1-0492,771.54,1293
batch1-1442,5823.92,1294
batch1-0217,7641.32,1295
batch1-1018,79.13,1296
batch1-0117,375.04,1297
batch1-1021,557.4,1298
batch1-0521,1708.27,1299
batch1-0858,67719.34,1300
batch1-0873,14.82,1301
batch1-0264,262.77,1302
batch1-0186,907.4,1303
batch1-0007,5138.35,1304
batch1-0514,56680.77,1305
batch1-0281,99.88,1306
batch1-1450,386.11,1307
batch1-1338,768.51,1308
batch1-0290,5213.9,1309
batch1-0666,81117.18,1310
batch1-0788,13.75,1311
batch1-0196,172.22,1312
batch1-1347,547.76,1313
batch1-1140,1657.58,1314
batch1-1298,157929.37,1315
batch1-1301,142.25,1316
batch1-1316,179.07,1317
batch1-1451,1319.96,1318
batch1-1094,2155.98,1319
batch1-0392,12543.64,1320
batch1-0951,27.23,1321
batch1-1252,198.0,1322
batch1-0794,969.8,1323
batch1-0800,1935.8,1324
batch1-0157,8820.75,1325
batch1-1048,115.39,1326
batch1-1141,251.65,1327
batch1-0006,732.34,1328
batch1-0506,1930.23,1329
batch1-0988,29897.5,1330
batch1-0969,48.37,1331
batch1-1010,215.04,1332
batch1-0909,497.98,1333
batch1-1234,2376.0,1334
batch1-0837,10559.0,1335
batch1-1027,10.99,1336
batch1-1128,403.84,1337
batch1-1393,538.0,1338
batch1-0857,2161.3,1339
batch1-1335,30235.98,1340
batch1-0947,50.19,1341
batch1-0747,205.62,1342
batch1-0121,791.96,1343
batch1-1006,2089.23,1344
batch1-1414,42900.0,1345
batch1-0893,126.08,1346
batch1-0952,303.29,1347
batch1-0574,1308.37,1348
batch1-1041,2350.26,1349
batch1-0558,16253.6,1350
batch1-1040,63.69,1351
batch1-0512,375.87,1352
batch1-1240,522.61,1353
batch1-1036,3729.94,1354
batch1-0812,72423.87,1355
batch1-0150,16.45,1356
batch1-0379,294.27,1357
batch1-0733,567.27,1358
batch1-0047,4524.28,1359
batch1-1236,27515.95,1360
batch1-0334,50.05,1361
batch1-0811,216.67,1362
batch1-1329,1126.13,1363
batch1-1066,2566.09,1364
batch1-1413,27657.15,1365
batch1-1207,43.96,1366
batch1-0052,243.71,1367
batch1-1359,410.56,1368
batch1-0394,5101.65,1369
batch1-1310,70065.75,1370
batch1-1418,26.38,1371
batch1-0299,191.76,1372
batch1-0840,698.91,1373
batch1-1397,2766.45,1374
batch1-0975,52697.26,1375
batch1-1114,91.39,1376
batch1-1101,340.99,1377
batch1-0274,913.65,1378
batch1-1143,1516.88,1379
batch1-1303,8448.88,1380
batch1-0393,19.69,1381
batch1-0546,298.42,1382
batch1-0070,1250.75,1383
batch1-0698,4391.1,1384
batch1-0552,10316.95,1385
batch1-1417,58.07,1386
batch1-0872,174.65,1387
batch1-0005,797.91,1388
batch1-1053,2595.99,1389
batch1-1395,23917.86,1390
batch1-0562,29.48,1391
batch1-1251,194.56,1392
batch1-0190,638.57,1393
batch1-1426,2553.02,1394
batch1-1009,53078.96,1395
batch1-1262,154.74,1396
batch1-0776,215.03,1397
batch1-0918,507.47,1398
batch1-1358,2349.03,1399
batch1-0656,8700.64,1400
batch1-0462,125.3,1401
batch1-1350,222.18,1402
batch1-0046,759.03,1403
batch1-0147,3620.84,1404
batch1-0213,38879.73,1405
batch1-1385,44.0,1406
batch1-0685,249.96,1407
batch1-0302,1026.7,1408
batch1-0312,1740.04,1409
batch1-0414,113464.52,1410
batch1-0115,55.0,1411
batch1-1197,533.02,1412
batch1-0173,9053.23,1413
