file_name,field,doc_value,cond_value,is_defect,injected,amount
batch1-0494,total,232.95,349.42,True,True,232.95
batch1-0489,total,153.92,153.92,False,False,153.92
batch1-0499,total,498.21,249.1,True,True,498.21
batch1-0497,total,677.47,1016.2,True,True,677.47
batch1-0081,total,1.71,1.71,False,False,1.71
batch1-0105,total,70577.35,35288.68,True,True,70577.35
batch1-0019,total,188.11,188.11,False,False,188.11
batch1-0108,total,360.58,360.58,False,False,360.58
batch1-0087,total,6.58,9.87,True,True,6.58
batch1-0151,total,3838.87,1919.44,True,True,3838.87
batch1-0187,total,5283.18,2641.59,True,True,5283.18
batch1-0039,total,3004.96,4507.44,True,True,3004.96
batch1-0490,total,689.19,1033.79,True,True,689.19
batch1-0196,total,172.22,172.22,False,False,172.22
batch1-0132,total,714.95,714.95,False,False,714.95
batch1-0210,total,386.6,579.9,True,True,386.6
batch1-0020,total,327.08,327.08,False,False,327.08
batch1-0276,total,89.06,44.53,True,True,89.06
batch1-0300,total,343.87,171.94,True,True,343.87
batch1-0158,total,96.73,96.73,False,False,96.73
batch1-0136,total,5605.15,2802.58,True,True,5605.15
batch1-0274,total,913.65,456.82,True,True,913.65
batch1-0435,total,312.04,156.02,True,True,312.04
batch1-0384,total,7237.02,7237.02,False,False,7237.02
batch1-0401,total,740.69,740.69,False,False,740.69
batch1-0035,total,722.11,1083.16,True,True,722.11
batch1-0023,total,18281.24,9140.62,True,True,18281.24
batch1-0093,total,2235.2,1117.6,True,True,2235.2
batch1-0080,total,291.92,437.88,True,True,291.92
batch1-0059,total,1255.0,627.5,True,True,1255.0
batch1-0056,total,494.89,494.89,False,False,494.89
batch1-0170,total,771.01,385.5,True,True,771.01
batch1-0123,total,8621.78,4310.89,True,True,8621.78
batch1-0137,total,44.0,22.0,True,True,44.0
batch1-0320,total,186.96,280.44,True,True,186.96
batch1-0167,total,86.56,43.28,True,True,86.56
batch1-0376,total,2568.45,1284.22,True,True,2568.45
batch1-0361,total,997.37,498.68,True,True,997.37
batch1-0439,total,141.87,70.94,True,True,141.87
batch1-0391,total,1026.71,1026.71,False,False,1026.71
batch1-0362,total,3393.4,5090.1,True,True,3393.4
batch1-0098,total,1.99,1.0,True,True,1.99
batch1-0095,total,32.95,49.42,True,True,32.95
batch1-0026,total,9256.59,9256.59,False,False,9256.59
batch1-0082,total,371.51,557.26,True,True,371.51
batch1-0114,total,2.99,4.49,True,True,2.99
batch1-0067,total,21.56,10.78,True,True,21.56
batch1-0094,total,394.19,591.28,True,True,394.19
batch1-0115,total,55.0,27.5,True,True,55.0
batch1-0229,total,5101.77,7652.66,True,True,5101.77
batch1-0124,total,7737.7,7737.7,False,False,7737.7
batch1-0293,total,12.76,12.76,False,False,12.76
batch1-0298,total,162.33,243.5,True,True,162.33
batch1-0433,total,306.82,153.41,True,True,306.82
batch1-0263,total,247.84,247.84,False,False,247.84
batch1-0078,total,312.93,156.46,True,True,312.93
batch1-0066,total,1.99,2.98,True,True,1.99
batch1-0015,total,1469.45,734.72,True,True,1469.45
batch1-0428,total,10.98,5.49,True,True,10.98
batch1-0006,total,732.34,366.17,True,True,732.34
batch1-0363,total,21.45,32.17,True,True,21.45
batch1-0461,total,48.14,48.14,False,False,48.14
batch1-0011,total,91.27,136.9,True,True,91.27
batch1-0041,total,194521.7,97260.85,True,True,194521.7
batch1-0040,total,191.26,191.26,False,False,191.26
batch1-0031,total,29.67,29.67,False,False,29.67
batch1-0295,total,43.96,21.98,True,True,43.96
batch1-0260,total,1023.94,511.97,True,True,1023.94
batch1-0316,total,428.9,643.35,True,True,428.9
batch1-0206,total,731.23,365.62,True,True,731.23
batch1-0192,total,120.99,181.48,True,True,120.99
batch1-0340,total,269.49,134.74,True,True,269.49
batch1-0054,total,4007.31,6010.96,True,True,4007.31
batch1-0407,total,22.0,22.0,False,False,22.0
batch1-0455,total,4008.74,6013.11,True,True,4008.74
batch1-0169,total,25.52,38.28,True,True,25.52
batch1-0104,total,353.66,176.83,True,True,353.66
batch1-0065,total,152.87,76.44,True,True,152.87
batch1-0014,total,24.95,12.48,True,True,24.95
batch1-0388,total,2454.03,1227.02,True,True,2454.03
batch1-0457,total,2441.81,3662.72,True,True,2441.81
batch1-0060,total,32.83,32.83,False,False,32.83
batch1-0182,total,127.31,190.96,True,True,127.31
batch1-0072,total,324.5,162.25,True,True,324.5
batch1-0107,total,514.02,771.03,True,True,514.02
batch1-0224,total,6140.09,6140.09,False,False,6140.09
batch1-0231,total,18614.34,27921.51,True,True,18614.34
batch1-0058,total,470.92,706.38,True,True,470.92
batch1-0353,total,561.7,561.7,False,False,561.7
batch1-0352,total,18863.63,9431.82,True,True,18863.63
batch1-0256,total,47502.39,47502.39,False,False,47502.39
batch1-0383,total,304.92,152.46,True,True,304.92
batch1-0478,total,387.11,193.56,True,True,387.11
batch1-0205,total,3262.02,3262.02,False,False,3262.02
batch1-0313,total,323.14,161.57,True,True,323.14
batch1-0166,total,36.33,18.16,True,True,36.33
batch1-0235,total,418.84,418.84,False,False,418.84
batch1-0096,total,5664.9,8497.35,True,True,5664.9
batch1-0004,total,819.06,1228.59,True,True,819.06
batch1-0024,total,98.95,148.43,True,True,98.95
batch1-0073,total,53.96,80.94,True,True,53.96
batch1-0070,total,1250.75,1876.12,True,True,1250.75
batch1-0380,total,18749.5,18749.5,False,False,18749.5
batch1-0436,total,307.93,307.93,False,False,307.93
batch1-0404,total,4695.01,4695.01,False,False,4695.01
batch1-0168,total,2511.2,1255.6,True,True,2511.2
batch1-0227,total,46215.06,23107.53,True,True,46215.06
batch1-0254,total,181.34,90.67,True,True,181.34
batch1-0289,total,350.24,175.12,True,True,350.24
batch1-0119,total,701.72,350.86,True,True,701.72
batch1-0149,total,10865.23,10865.23,False,False,10865.23
batch1-0102,total,321.95,482.92,True,True,321.95
batch1-0429,total,261.41,130.71,True,True,261.41
batch1-0009,total,124.79,62.4,True,True,124.79
batch1-0042,total,15574.11,15574.11,False,False,15574.11
batch1-0443,total,6.38,3.19,True,True,6.38
batch1-0453,total,29087.53,29087.53,False,False,29087.53
batch1-0370,total,4140.06,4140.06,False,False,4140.06
batch1-0202,total,1182.5,1182.5,False,False,1182.5
batch1-0109,total,986.7,986.7,False,False,986.7
batch1-0085,total,2970.0,2970.0,False,False,2970.0
batch1-0092,total,32.83,49.24,True,True,32.83
batch1-0037,total,151.38,227.07,True,True,151.38
batch1-0355,total,266.11,399.16,True,True,266.11
batch1-0459,total,20085.99,20085.99,False,False,20085.99
batch1-0252,total,25.15,37.72,True,True,25.15
batch1-0063,total,154.0,231.0,True,True,154.0
batch1-0287,total,204.27,102.14,True,True,204.27
batch1-0239,total,7269.8,3634.9,True,True,7269.8
batch1-0175,total,5375.57,2687.78,True,True,5375.57
batch1-0390,total,502.74,502.74,False,False,502.74
batch1-0419,total,365.13,365.13,False,False,365.13
batch1-0308,total,23988.86,11994.43,True,True,23988.86
batch1-0480,total,9809.8,4904.9,True,True,9809.8
batch1-0185,total,237.6,356.4,True,True,237.6
batch1-0193,total,1349.08,1349.08,False,False,1349.08
batch1-0212,total,178.16,89.08,True,True,178.16
batch1-0496,total,246.28,369.42,True,True,246.28
batch1-0101,total,5439.26,5439.26,False,False,5439.26
batch1-0437,total,1037.38,1037.38,False,False,1037.38
batch1-0346,total,190.62,190.62,False,False,190.62
batch1-0272,total,129.6,129.6,False,False,129.6
batch1-0013,total,237.29,237.29,False,False,237.29
batch1-0270,total,331.78,497.67,True,True,331.78
batch1-0139,total,743.58,371.79,True,True,743.58
batch1-0103,total,6097.29,6097.29,False,False,6097.29
batch1-0077,total,5295.73,5295.73,False,False,5295.73
batch1-0470,total,823.66,411.83,True,True,823.66
batch1-0255,total,103.92,103.92,False,False,103.92
batch1-0463,total,2069.23,1034.62,True,True,2069.23
batch1-0140,total,10319.1,10319.1,False,False,10319.1
batch1-0130,total,66.99,100.48,True,True,66.99
batch1-0047,total,4524.28,2262.14,True,True,4524.28
batch1-0221,total,125.23,187.84,True,True,125.23
batch1-0402,total,6004.31,6004.31,False,False,6004.31
batch1-0306,total,1330.04,1995.06,True,True,1330.04
batch1-0290,total,5213.9,2606.95,True,True,5213.9
batch1-0044,total,81.68,40.84,True,True,81.68
batch1-0145,total,6198.39,9297.59,True,True,6198.39
batch1-0069,total,162.79,81.4,True,True,162.79
batch1-0177,total,19.22,28.83,True,True,19.22
batch1-0413,total,346.19,346.19,False,False,346.19
batch1-0366,total,697.8,348.9,True,True,697.8
batch1-0146,total,205.21,205.21,False,False,205.21
batch1-0269,total,87.96,87.96,False,False,87.96
batch1-0200,total,162.72,81.36,True,True,162.72
batch1-0138,total,73824.49,36912.25,True,True,73824.49
batch1-0411,total,4306.26,4306.26,False,False,4306.26
batch1-0141,total,43.95,65.93,True,True,43.95
batch1-0012,total,5459.75,2729.88,True,True,5459.75
batch1-0456,total,99.0,148.5,True,True,99.0
batch1-0194,total,3221.63,4832.44,True,True,3221.63
batch1-0417,total,1660.86,2491.29,True,True,1660.86
batch1-0476,total,330.29,495.44,True,True,330.29
batch1-0449,total,17711.25,8855.62,True,True,17711.25
batch1-0032,total,21151.66,21151.66,False,False,21151.66
batch1-0100,total,235.79,353.68,True,True,235.79
batch1-0483,total,205.29,307.94,True,True,205.29
batch1-0250,total,208.5,208.5,False,False,208.5
batch1-0142,total,104.97,157.45,True,True,104.97
batch1-0134,total,10818.95,5409.48,True,True,10818.95
batch1-0135,total,274.95,412.42,True,True,274.95
batch1-0099,total,495.3,742.95,True,True,495.3
batch1-0029,total,7920.58,11880.87,True,True,7920.58
batch1-0131,total,74294.55,111441.83,True,True,74294.55
batch1-0369,total,716.27,1074.4,True,True,716.27
batch1-0367,total,93439.3,93439.3,False,False,93439.3
batch1-0467,total,2149.21,1074.6,True,True,2149.21
batch1-0400,total,414.67,207.34,True,True,414.67
batch1-0368,total,107.78,107.78,False,False,107.78
batch1-0159,total,386.05,193.02,True,True,386.05
batch1-0265,total,15803.26,15803.26,False,False,15803.26
batch1-0028,total,1140.24,570.12,True,True,1140.24
batch1-0232,total,5553.0,5553.0,False,False,5553.0
batch1-0464,total,633.96,316.98,True,True,633.96
batch1-0181,total,74.8,37.4,True,True,74.8
batch1-0299,total,191.76,95.88,True,True,191.76
batch1-0007,total,5138.35,5138.35,False,False,5138.35
batch1-0349,total,7645.22,7645.22,False,False,7645.22
batch1-0195,total,47600.71,23800.36,True,True,47600.71
batch1-0237,total,1022.88,1022.88,False,False,1022.88
batch1-0373,total,105.6,105.6,False,False,105.6
batch1-0046,total,759.03,379.52,True,True,759.03
batch1-0025,total,7920.0,3960.0,True,True,7920.0
batch1-0246,total,148.44,148.44,False,False,148.44
batch1-0176,total,56295.35,84443.02,True,True,56295.35
batch1-0186,total,907.4,907.4,False,False,907.4
batch1-0223,total,111.0,55.5,True,True,111.0
batch1-0036,total,8479.08,12718.62,True,True,8479.08
batch1-0129,total,891.0,891.0,False,False,891.0
batch1-0016,total,316.1,316.1,False,False,316.1
batch1-0222,total,47.77,23.88,True,True,47.77
batch1-0097,total,6208.38,6208.38,False,False,6208.38
batch1-0076,total,187.0,93.5,True,True,187.0
batch1-0052,total,243.71,365.56,True,True,243.71
batch1-0018,total,518.8,259.4,True,True,518.8
batch1-0008,total,12973.88,6486.94,True,True,12973.88
batch1-0030,total,2934.7,2934.7,False,False,2934.7
batch1-0111,total,10.94,16.41,True,True,10.94
batch1-0045,total,549.98,549.98,False,False,549.98
batch1-0064,total,5411.82,8117.73,True,True,5411.82
batch1-0282,total,2298.9,1149.45,True,True,2298.9
batch1-0198,total,39.51,59.26,True,True,39.51
batch1-0053,total,73.76,73.76,False,False,73.76
batch1-0033,total,329.84,329.84,False,False,329.84
batch1-0154,total,24038.28,36057.42,True,True,24038.28
batch1-0236,total,1100.73,550.36,True,True,1100.73
batch1-0043,total,2804.92,2804.92,False,False,2804.92
batch1-0155,total,81508.24,81508.24,False,False,81508.24
batch1-0358,total,26.53,26.53,False,False,26.53
batch1-0351,total,109.94,54.97,True,True,109.94
batch1-0183,total,241.95,120.98,True,True,241.95
batch1-0162,total,17672.06,8836.03,True,True,17672.06
batch1-0285,total,200.4,200.4,False,False,200.4
batch1-0392,total,12543.64,12543.64,False,False,12543.64
batch1-0156,total,1704.45,2556.68,True,True,1704.45
batch1-0150,total,16.45,16.45,False,False,16.45
batch1-0323,total,3153.58,4730.37,True,True,3153.58
batch1-0465,total,108.06,54.03,True,True,108.06
batch1-0356,total,264.0,396.0,True,True,264.0
batch1-0233,total,631.99,316.0,True,True,631.99
batch1-0075,total,179.75,89.88,True,True,179.75
batch1-0178,total,51998.08,25999.04,True,True,51998.08
batch1-0211,total,142.9,214.35,True,True,142.9
batch1-0310,total,11880.0,5940.0,True,True,11880.0
batch1-0220,total,486.6,486.6,False,False,486.6
batch1-0126,total,274.42,411.63,True,True,274.42
batch1-0022,total,47320.32,47320.32,False,False,47320.32
batch1-0240,total,126.9,63.45,True,True,126.9
batch1-0339,total,6146.7,3073.35,True,True,6146.7
batch1-0248,total,11633.66,17450.49,True,True,11633.66
batch1-0301,total,1759.88,2639.82,True,True,1759.88
batch1-0127,total,19.77,9.88,True,True,19.77
batch1-0288,total,1.09,0.55,True,True,1.09
batch1-0055,total,14832.92,14832.92,False,False,14832.92
batch1-0440,total,8210.08,8210.08,False,False,8210.08
batch1-0311,total,122.12,183.18,True,True,122.12
batch1-0197,total,9.0,9.0,False,False,9.0
batch1-0438,total,76.99,38.49,True,True,76.99
batch1-0262,total,2.18,3.27,True,True,2.18
batch1-0143,total,17740.25,8870.12,True,True,17740.25
batch1-0332,total,1129.39,1129.39,False,False,1129.39
batch1-0034,total,373.98,373.98,False,False,373.98
batch1-0180,total,205.5,308.25,True,True,205.5
batch1-0315,total,324.5,162.25,True,True,324.5
batch1-0002,total,6860.45,3430.22,True,True,6860.45
batch1-0174,total,15937.63,23906.44,True,True,15937.63
batch1-0144,total,415.73,415.73,False,False,415.73
batch1-0068,total,2779.7,2779.7,False,False,2779.7
batch1-0334,total,50.05,75.07,True,True,50.05
batch1-0110,total,1669.75,1669.75,False,False,1669.75
batch1-0112,total,178.83,178.83,False,False,178.83
batch1-0079,total,62778.56,94167.84,True,True,62778.56
batch1-0441,total,924.44,924.44,False,False,924.44
batch1-0062,total,84314.78,42157.39,True,True,84314.78
batch1-0281,total,99.88,99.88,False,False,99.88
batch1-0125,total,1084.56,542.28,True,True,1084.56
batch1-0294,total,989.67,1484.5,True,True,989.67
batch1-0347,total,2099.42,3149.13,True,True,2099.42
batch1-0238,total,3065.64,4598.46,True,True,3065.64
batch1-0291,total,9645.88,14468.82,True,True,9645.88
batch1-0133,total,3454.44,1727.22,True,True,3454.44
batch1-0148,total,1721.01,2581.52,True,True,1721.01
batch1-0218,total,78.58,78.58,False,False,78.58
batch1-0371,total,329.99,165.0,True,True,329.99
batch1-0184,total,150.19,150.19,False,False,150.19
batch1-0284,total,2194.5,1097.25,True,True,2194.5
batch1-0396,total,337.45,337.45,False,False,337.45
batch1-0106,total,465.17,232.58,True,True,465.17
batch1-0430,total,70053.37,105080.06,True,True,70053.37
batch1-0378,total,131.92,197.88,True,True,131.92
batch1-0074,total,4151.23,2075.61,True,True,4151.23
batch1-0213,total,38879.73,38879.73,False,False,38879.73
batch1-0324,total,198.0,297.0,True,True,198.0
batch1-0397,total,159.45,79.72,True,True,159.45
batch1-0423,total,5597.66,2798.83,True,True,5597.66
batch1-0086,total,1237.5,618.75,True,True,1237.5
batch1-0121,total,791.96,395.98,True,True,791.96
batch1-0088,total,500.24,250.12,True,True,500.24
batch1-0152,total,161.94,80.97,True,True,161.94
batch1-0117,total,375.04,562.56,True,True,375.04
batch1-0190,total,638.57,957.86,True,True,638.57
batch1-0201,total,1159.39,1739.08,True,True,1159.39
batch1-0445,total,1770.9,1770.9,False,False,1770.9
batch1-0432,total,191.57,287.36,True,True,191.57
batch1-0410,total,41.53,41.53,False,False,41.53
batch1-0473,total,19.76,9.88,True,True,19.76
batch1-0322,total,415.69,623.54,True,True,415.69
batch1-0406,total,106.7,160.05,True,True,106.7
batch1-0484,total,66.0,33.0,True,True,66.0
batch1-0191,total,1095.24,1642.86,True,True,1095.24
batch1-0382,total,112.13,168.2,True,True,112.13
batch1-0450,total,524.67,524.67,False,False,524.67
batch1-0326,total,155.98,155.98,False,False,155.98
batch1-0017,total,401.88,602.82,True,True,401.88
batch1-0446,total,359.26,179.63,True,True,359.26
batch1-0266,total,760.1,760.1,False,False,760.1
batch1-0471,total,40.3,40.3,False,False,40.3
batch1-0089,total,154.1,154.1,False,False,154.1
batch1-0172,total,171.24,85.62,True,True,171.24
batch1-0481,total,395.75,593.62,True,True,395.75
batch1-0431,total,22660.0,11330.0,True,True,22660.0
batch1-0188,total,8357.28,8357.28,False,False,8357.28
batch1-0257,total,25.5,25.5,False,False,25.5
batch1-0253,total,1324.32,662.16,True,True,1324.32
batch1-0225,total,199.2,298.8,True,True,199.2
batch1-0153,total,232.16,232.16,False,False,232.16
batch1-0325,total,833.12,833.12,False,False,833.12
batch1-0234,total,51823.31,25911.66,True,True,51823.31
batch1-0090,total,3541.78,5312.67,True,True,3541.78
batch1-0303,total,87.96,87.96,False,False,87.96
batch1-0364,total,26329.42,13164.71,True,True,26329.42
batch1-0319,total,593.2,593.2,False,False,593.2
batch1-0451,total,916.21,916.21,False,False,916.21
batch1-0208,total,5493.34,5493.34,False,False,5493.34
batch1-0317,total,13111.43,19667.14,True,True,13111.43
batch1-0049,total,342.87,514.31,True,True,342.87
batch1-0071,total,1731.35,1731.35,False,False,1731.35
batch1-0280,total,203.19,203.19,False,False,203.19
batch1-0412,total,284.86,427.29,True,True,284.86
batch1-0408,total,328.42,328.42,False,False,328.42
batch1-0091,total,551.54,275.77,True,True,551.54
batch1-0460,total,64.99,97.48,True,True,64.99
batch1-0247,total,9.35,14.02,True,True,9.35
batch1-0010,total,6573.33,9859.99,True,True,6573.33
batch1-0258,total,44630.49,22315.24,True,True,44630.49
batch1-0331,total,1773.75,2660.62,True,True,1773.75
batch1-0048,total,529.78,794.67,True,True,529.78
batch1-0275,total,120.62,60.31,True,True,120.62
batch1-0330,total,389.27,583.9,True,True,389.27
batch1-0418,total,274.45,274.45,False,False,274.45
batch1-0381,total,665.49,998.24,True,True,665.49
batch1-0203,total,3187.64,1593.82,True,True,3187.64
batch1-0314,total,880.89,1321.34,True,True,880.89
batch1-0209,total,6594.14,9891.21,True,True,6594.14
batch1-0120,total,9908.95,14863.42,True,True,9908.95
batch1-0051,total,2237.95,1118.97,True,True,2237.95
batch1-0179,total,726.52,363.26,True,True,726.52
batch1-0454,total,993.96,993.96,False,False,993.96
batch1-0302,total,1026.7,1540.05,True,True,1026.7
batch1-0318,total,39974.41,19987.21,True,True,39974.41
batch1-0113,total,4416.24,6624.36,True,True,4416.24
batch1-0163,total,1802.53,1802.53,False,False,1802.53
batch1-0354,total,3805.63,5708.44,True,True,3805.63
batch1-0161,total,113938.41,56969.2,True,True,113938.41
batch1-0271,total,1843.4,1843.4,False,False,1843.4
batch1-0128,total,63.32,94.98,True,True,63.32
batch1-0427,total,3756.43,3756.43,False,False,3756.43
batch1-0344,total,889.76,1334.64,True,True,889.76
batch1-0342,total,92.88,46.44,True,True,92.88
batch1-0482,total,8605.01,12907.52,True,True,8605.01
batch1-0333,total,137.5,206.25,True,True,137.5
batch1-0268,total,3129.42,1564.71,True,True,3129.42
batch1-0050,total,25738.94,38608.41,True,True,25738.94
batch1-0466,total,377.52,566.28,True,True,377.52
batch1-0038,total,2022.82,2022.82,False,False,2022.82
batch1-0251,total,1438.21,719.1,True,True,1438.21
batch1-0061,total,5743.69,8615.54,True,True,5743.69
batch1-0296,total,169.25,84.62,True,True,169.25
batch1-0241,total,60.45,30.22,True,True,60.45
batch1-0199,total,1023.94,1023.94,False,False,1023.94
batch1-0415,total,21710.03,32565.04,True,True,21710.03
batch1-0387,total,8487.82,4243.91,True,True,8487.82
batch1-0261,total,21467.33,32201.0,True,True,21467.33
batch1-0424,total,245.2,122.6,True,True,245.2
batch1-0393,total,19.69,29.54,True,True,19.69
batch1-0329,total,46.75,70.12,True,True,46.75
batch1-0492,total,771.54,385.77,True,True,771.54
batch1-0216,total,47.28,47.28,False,False,47.28
batch1-0228,total,37016.78,37016.78,False,False,37016.78
batch1-0243,total,19347.41,9673.7,True,True,19347.41
batch1-0215,total,88976.98,88976.98,False,False,88976.98
batch1-0273,total,107680.75,107680.75,False,False,107680.75
batch1-0084,total,2322.84,2322.84,False,False,2322.84
batch1-0003,total,44745.59,22372.8,True,True,44745.59
batch1-0409,total,329.83,494.74,True,True,329.83
batch1-0343,total,17529.89,26294.84,True,True,17529.89
batch1-0389,total,15096.06,22644.09,True,True,15096.06
batch1-0403,total,32625.33,16312.66,True,True,32625.33
batch1-0160,total,281.25,421.88,True,True,281.25
batch1-0345,total,6591.93,3295.96,True,True,6591.93
batch1-0207,total,19208.48,28812.72,True,True,19208.48
batch1-0297,total,8.8,13.2,True,True,8.8
batch1-0375,total,277.89,416.84,True,True,277.89
batch1-0491,total,276.6,414.9,True,True,276.6
batch1-0312,total,1740.04,870.02,True,True,1740.04
batch1-0173,total,9053.23,4526.62,True,True,9053.23
batch1-0472,total,194.82,194.82,False,False,194.82
batch1-0264,total,262.77,131.38,True,True,262.77
batch1-0495,total,137354.02,68677.01,True,True,137354.02
batch1-0328,total,97.76,146.64,True,True,97.76
batch1-0321,total,457.91,457.91,False,False,457.91
batch1-0283,total,314.27,157.14,True,True,314.27
batch1-0469,total,1214.29,607.14,True,True,1214.29
batch1-0475,total,1883.91,2825.86,True,True,1883.91
batch1-0204,total,1473.8,736.9,True,True,1473.8
batch1-0242,total,19189.78,19189.78,False,False,19189.78
batch1-0219,total,565.0,847.5,True,True,565.0
batch1-0447,total,10305.77,10305.77,False,False,10305.77
batch1-0309,total,5989.26,2994.63,True,True,5989.26
batch1-0350,total,3901.63,1950.82,True,True,3901.63
batch1-0379,total,294.27,294.27,False,False,294.27
batch1-0414,total,113464.52,56732.26,True,True,113464.52
batch1-0434,total,20986.37,10493.18,True,True,20986.37
batch1-0425,total,610.81,916.21,True,True,610.81
batch1-0385,total,5255.87,2627.94,True,True,5255.87
batch1-0267,total,5289.89,2644.94,True,True,5289.89
batch1-0420,total,156.45,78.22,True,True,156.45
batch1-0286,total,18471.6,9235.8,True,True,18471.6
batch1-0487,total,259.96,259.96,False,False,259.96
batch1-0498,total,2446.21,2446.21,False,False,2446.21
batch1-0279,total,3255.91,3255.91,False,False,3255.91
batch1-0165,total,698.89,698.89,False,False,698.89
batch1-0337,total,15231.45,15231.45,False,False,15231.45
batch1-0083,total,1190.54,595.27,True,True,1190.54
batch1-0335,total,106498.92,106498.92,False,False,106498.92
batch1-0348,total,31954.82,31954.82,False,False,31954.82
batch1-0365,total,19084.92,19084.92,False,False,19084.92
batch1-0394,total,5101.65,5101.65,False,False,5101.65
batch1-0027,total,838.68,419.34,True,True,838.68
batch1-0245,total,158490.25,158490.25,False,False,158490.25
batch1-0486,total,2861.8,1430.9,True,True,2861.8
batch1-0259,total,130.83,65.42,True,True,130.83
batch1-0189,total,5900.59,8850.88,True,True,5900.59
batch1-0277,total,30210.16,15105.08,True,True,30210.16
batch1-0157,total,8820.75,8820.75,False,False,8820.75
batch1-0214,total,5371.27,2685.64,True,True,5371.27
batch1-0249,total,600.15,600.15,False,False,600.15
batch1-0341,total,5950.69,2975.34,True,True,5950.69
batch1-0122,total,2617.93,2617.93,False,False,2617.93
batch1-0462,total,125.3,62.65,True,True,125.3
batch1-0292,total,328.2,328.2,False,False,328.2
batch1-0448,total,714.03,1071.04,True,True,714.03
batch1-0005,total,797.91,398.96,True,True,797.91
batch1-0226,total,22409.38,11204.69,True,True,22409.38
batch1-0468,total,424.93,637.4,True,True,424.93
batch1-0336,total,4746.42,7119.63,True,True,4746.42
batch1-0360,total,33972.73,33972.73,False,False,33972.73
batch1-0278,total,2843.46,1421.73,True,True,2843.46
batch1-0230,total,570.82,856.23,True,True,570.82
batch1-0116,total,1028.39,1028.39,False,False,1028.39
batch1-0395,total,2388.93,3583.39,True,True,2388.93
batch1-0442,total,3607.73,5411.6,True,True,3607.73
batch1-0217,total,7641.32,3820.66,True,True,7641.32
batch1-0493,total,2389.07,1194.54,True,True,2389.07
batch1-0001,total,6204.19,3102.1,True,True,6204.19
batch1-0057,total,389.0,389.0,False,False,389.0
batch1-0421,total,16537.65,24806.48,True,True,16537.65
batch1-0444,total,12955.61,12955.61,False,False,12955.61
batch1-0422,total,5857.51,5857.51,False,False,5857.51
batch1-0398,total,5370.54,2685.27,True,True,5370.54
batch1-0416,total,76.98,76.98,False,False,76.98
batch1-0405,total,17108.96,25663.44,True,True,17108.96
batch1-0338,total,3674.52,5511.78,True,True,3674.52
batch1-0458,total,467.17,233.58,True,True,467.17
batch1-0171,total,1620.38,810.19,True,True,1620.38
batch1-0399,total,49665.33,49665.33,False,False,49665.33
batch1-0147,total,3620.84,1810.42,True,True,3620.84
batch1-0488,total,172.26,258.39,True,True,172.26
batch1-0304,total,8377.33,12566.0,True,True,8377.33
batch1-0244,total,9091.2,13636.8,True,True,9091.2
batch1-0357,total,61189.67,61189.67,False,False,61189.67
batch1-0372,total,5301.89,2650.94,True,True,5301.89
batch1-0164,total,538.73,269.36,True,True,538.73
batch1-0477,total,1028.36,1028.36,False,False,1028.36
batch1-0307,total,228.1,114.05,True,True,228.1
batch1-0305,total,1656.47,828.24,True,True,1656.47
batch1-0426,total,219.98,219.98,False,False,219.98
batch1-0386,total,40507.41,40507.41,False,False,40507.41
batch1-0021,total,4958.16,2479.08,True,True,4958.16
batch1-0479,total,9145.62,9145.62,False,False,9145.62
batch1-0377,total,692.78,1039.17,True,True,692.78
batch1-0485,total,14317.42,21476.13,True,True,14317.42
batch1-0474,total,44.28,44.28,False,False,44.28
batch1-0374,total,6.6,9.9,True,True,6.6
batch1-0359,total,362.27,181.14,True,True,362.27
batch1-0452,total,39.53,59.3,True,True,39.53
batch1-0327,total,792.1,792.1,False,False,792.1
batch1-0118,total,3717.66,5576.49,True,True,3717.66
batch1-0500,total,34486.08,17243.04,True,True,34486.08
batch1-0501,total,164.97,164.97,False,False,164.97
batch1-0502,total,439.95,439.95,False,False,439.95
batch1-0503,total,2694.13,1347.06,True,True,2694.13
batch1-0504,total,1176.62,588.31,True,True,1176.62
batch1-0505,total,388.63,388.63,False,False,388.63
batch1-0506,total,1930.23,1930.23,False,False,1930.23
batch1-0507,total,4304.03,2152.02,True,True,4304.03
batch1-0508,total,65.78,65.78,False,False,65.78
batch1-0509,total,49.9,74.85,True,True,49.9
batch1-0510,total,229.08,229.08,False,False,229.08
batch1-0511,total,682.0,1023.0,True,True,682.0
batch1-0512,total,375.87,375.87,False,False,375.87
batch1-0513,total,225.19,112.6,True,True,225.19
batch1-0514,total,56680.77,85021.16,True,True,56680.77
batch1-0515,total,500.87,500.87,False,False,500.87
batch1-0516,total,395.25,197.62,True,True,395.25
batch1-0517,total,504.69,252.34,True,True,504.69
batch1-0518,total,124743.65,187115.47,True,True,124743.65
batch1-0519,total,4713.34,7070.01,True,True,4713.34
batch1-0520,total,208.98,313.47,True,True,208.98
batch1-0521,total,1708.27,854.14,True,True,1708.27
batch1-0522,total,3834.16,1917.08,True,True,3834.16
batch1-0523,total,300.81,150.4,True,True,300.81
batch1-0524,total,36.03,18.02,True,True,36.03
batch1-0525,total,172.41,86.2,True,True,172.41
batch1-0526,total,377.05,565.58,True,True,377.05
batch1-0527,total,409.13,613.69,True,True,409.13
batch1-0528,total,87.99,44.0,True,True,87.99
batch1-0529,total,65395.63,98093.44,True,True,65395.63
batch1-0530,total,36.3,18.15,True,True,36.3
batch1-0531,total,351.97,175.98,True,True,351.97
batch1-0532,total,212.2,106.1,True,True,212.2
batch1-0533,total,16811.7,25217.55,True,True,16811.7
batch1-0534,total,1869.93,2804.9,True,True,1869.93
batch1-0535,total,42668.81,42668.81,False,False,42668.81
batch1-0536,total,1121.93,560.96,True,True,1121.93
batch1-0537,total,79.53,79.53,False,False,79.53
batch1-0538,total,5575.87,8363.8,True,True,5575.87
batch1-0539,total,489.38,489.38,False,False,489.38
batch1-0540,total,98.76,98.76,False,False,98.76
batch1-0541,total,5332.92,5332.92,False,False,5332.92
batch1-0542,total,2837.86,2837.86,False,False,2837.86
batch1-0543,total,433.86,433.86,False,False,433.86
batch1-0544,total,45.95,45.95,False,False,45.95
batch1-0545,total,228.92,114.46,True,True,228.92
batch1-0546,total,298.42,149.21,True,True,298.42
batch1-0547,total,1253.94,1253.94,False,False,1253.94
batch1-0548,total,111.31,55.66,True,True,111.31
batch1-0549,total,70.52,70.52,False,False,70.52
batch1-0550,total,31822.25,15911.12,True,True,31822.25
batch1-0551,total,1869.98,2804.97,True,True,1869.98
batch1-0552,total,10316.95,5158.48,True,True,10316.95
batch1-0553,total,778.49,778.49,False,False,778.49
batch1-0554,total,12627.75,18941.62,True,True,12627.75
batch1-0555,total,222.3,333.45,True,True,222.3
batch1-0556,total,566.78,850.17,True,True,566.78
batch1-0557,total,235.92,117.96,True,True,235.92
batch1-0558,total,16253.6,16253.6,False,False,16253.6
batch1-0559,total,3640.86,5461.29,True,True,3640.86
batch1-0560,total,14030.36,21045.54,True,True,14030.36
batch1-0561,total,15094.83,22642.24,True,True,15094.83
batch1-0562,total,29.48,14.74,True,True,29.48
batch1-0563,total,2623.28,3934.92,True,True,2623.28
batch1-0564,total,189.99,189.99,False,False,189.99
batch1-0565,total,118.73,178.1,True,True,118.73
batch1-0566,total,3899.74,1949.87,True,True,3899.74
batch1-0567,total,330.0,330.0,False,False,330.0
batch1-0568,total,2347.3,1173.65,True,True,2347.3
batch1-0569,total,224.75,112.38,True,True,224.75
batch1-0570,total,43.96,43.96,False,False,43.96
batch1-0571,total,2260.5,2260.5,False,False,2260.5
batch1-0572,total,462.77,231.38,True,True,462.77
batch1-0573,total,919.52,459.76,True,True,919.52
batch1-0574,total,1308.37,1962.55,True,True,1308.37
batch1-0575,total,335.17,502.76,True,True,335.17
batch1-0652,total,421.25,631.88,True,True,421.25
batch1-0653,total,145.94,72.97,True,True,145.94
batch1-0654,total,481.79,481.79,False,False,481.79
batch1-0655,total,2782.39,1391.2,True,True,2782.39
batch1-0656,total,8700.64,4350.32,True,True,8700.64
batch1-0657,total,533.18,799.77,True,True,533.18
batch1-0658,total,368.47,184.24,True,True,368.47
batch1-0659,total,25346.42,38019.63,True,True,25346.42
batch1-0660,total,94.58,94.58,False,False,94.58
batch1-0661,total,1576.9,1576.9,False,False,1576.9
batch1-0662,total,249.68,124.84,True,True,249.68
batch1-0663,total,41419.4,20709.7,True,True,41419.4
batch1-0664,total,76534.92,114802.38,True,True,76534.92
batch1-0665,total,496.43,248.22,True,True,496.43
batch1-0666,total,81117.18,121675.77,True,True,81117.18
batch1-0667,total,18165.14,9082.57,True,True,18165.14
batch1-0668,total,3625.57,5438.36,True,True,3625.57
batch1-0669,total,4828.97,4828.97,False,False,4828.97
batch1-0670,total,296.48,444.72,True,True,296.48
batch1-0671,total,279.36,139.68,True,True,279.36
batch1-0672,total,160.08,80.04,True,True,160.08
batch1-0673,total,211.57,317.36,True,True,211.57
batch1-0674,total,65.98,98.97,True,True,65.98
batch1-0675,total,10153.76,15230.64,True,True,10153.76
batch1-0676,total,112.12,168.18,True,True,112.12
batch1-0677,total,16231.52,16231.52,False,False,16231.52
batch1-0678,total,3707.1,3707.1,False,False,3707.1
batch1-0679,total,8450.91,4225.46,True,True,8450.91
batch1-0680,total,131334.52,197001.78,True,True,131334.52
batch1-0681,total,12412.48,18618.72,True,True,12412.48
batch1-0682,total,1627.98,813.99,True,True,1627.98
batch1-0683,total,320.65,160.32,True,True,320.65
batch1-0684,total,180.87,180.87,False,False,180.87
batch1-0685,total,249.96,374.94,True,True,249.96
batch1-0686,total,19330.41,9665.2,True,True,19330.41
batch1-0687,total,165.66,82.83,True,True,165.66
batch1-0688,total,10560.0,10560.0,False,False,10560.0
batch1-0689,total,1576.18,788.09,True,True,1576.18
batch1-0690,total,11692.71,11692.71,False,False,11692.71
batch1-0691,total,90.67,90.67,False,False,90.67
batch1-0692,total,7397.59,11096.38,True,True,7397.59
batch1-0693,total,759.11,379.56,True,True,759.11
batch1-0694,total,344.13,172.06,True,True,344.13
batch1-0695,total,26660.87,39991.3,True,True,26660.87
batch1-0696,total,148.5,148.5,False,False,148.5
batch1-0697,total,4113.92,2056.96,True,True,4113.92
batch1-0698,total,4391.1,6586.65,True,True,4391.1
batch1-0699,total,421.25,631.88,True,True,421.25
batch1-0700,total,567.55,283.77,True,True,567.55
batch1-0701,total,156.05,78.03,True,True,156.05
batch1-0702,total,361.91,180.96,True,True,361.91
batch1-0703,total,769.54,384.77,True,True,769.54
batch1-0704,total,32880.8,49321.2,True,True,32880.8
batch1-0705,total,255.64,383.46,True,True,255.64
batch1-0706,total,228.71,228.71,False,False,228.71
batch1-0707,total,1054.1,1581.15,True,True,1054.1
batch1-0708,total,272.73,272.73,False,False,272.73
batch1-0709,total,116.52,58.26,True,True,116.52
batch1-0710,total,4272.92,2136.46,True,True,4272.92
batch1-0711,total,214.41,107.2,True,True,214.41
batch1-0712,total,285.98,428.97,True,True,285.98
batch1-0713,total,3323.1,1661.55,True,True,3323.1
batch1-0714,total,3567.15,5350.72,True,True,3567.15
batch1-0715,total,37153.67,37153.67,False,False,37153.67
batch1-0716,total,415.75,207.88,True,True,415.75
batch1-0717,total,4618.75,2309.38,True,True,4618.75
batch1-0718,total,676.46,1014.69,True,True,676.46
batch1-0719,total,131.98,131.98,False,False,131.98
batch1-0720,total,34222.84,34222.84,False,False,34222.84
batch1-0721,total,214.24,214.24,False,False,214.24
batch1-0722,total,2012.51,3018.76,True,True,2012.51
batch1-0723,total,36946.22,36946.22,False,False,36946.22
batch1-0724,total,55.66,55.66,False,False,55.66
batch1-0725,total,292.4,146.2,True,True,292.4
batch1-0726,total,1767.34,883.67,True,True,1767.34
batch1-0727,total,27.13,13.56,True,True,27.13
batch1-0728,total,75.61,37.8,True,True,75.61
batch1-0729,total,51803.01,77704.52,True,True,51803.01
batch1-0730,total,69138.73,103708.1,True,True,69138.73
batch1-0731,total,1430.92,715.46,True,True,1430.92
batch1-0732,total,81661.14,122491.71,True,True,81661.14
batch1-0733,total,567.27,850.9,True,True,567.27
batch1-0734,total,1057.33,1586.0,True,True,1057.33
batch1-0735,total,3241.81,4862.72,True,True,3241.81
batch1-0736,total,8210.37,4105.19,True,True,8210.37
batch1-0737,total,49.38,24.69,True,True,49.38
batch1-0738,total,51.4,25.7,True,True,51.4
batch1-0739,total,68.16,102.24,True,True,68.16
batch1-0740,total,159.74,159.74,False,False,159.74
batch1-0741,total,27.5,27.5,False,False,27.5
batch1-0742,total,119.23,59.62,True,True,119.23
batch1-0743,total,4916.88,7375.32,True,True,4916.88
batch1-0744,total,20.34,10.17,True,True,20.34
batch1-0745,total,114385.48,57192.74,True,True,114385.48
batch1-0746,total,267.69,133.84,True,True,267.69
batch1-0747,total,205.62,102.81,True,True,205.62
batch1-0748,total,1523.45,761.72,True,True,1523.45
batch1-0749,total,4949.95,2474.98,True,True,4949.95
batch1-0750,total,18710.63,28065.94,True,True,18710.63
batch1-0751,total,4801.45,2400.72,True,True,4801.45
batch1-0752,total,228.68,228.68,False,False,228.68
batch1-0753,total,560.99,560.99,False,False,560.99
batch1-0754,total,302.58,151.29,True,True,302.58
batch1-0755,total,405.67,202.84,True,True,405.67
batch1-0756,total,7433.21,11149.82,True,True,7433.21
batch1-0757,total,1682.77,1682.77,False,False,1682.77
batch1-0758,total,290.18,145.09,True,True,290.18
batch1-0759,total,131.94,197.91,True,True,131.94
batch1-0760,total,52.8,52.8,False,False,52.8
batch1-0761,total,10.76,5.38,True,True,10.76
batch1-0762,total,52466.15,52466.15,False,False,52466.15
batch1-0763,total,80.28,40.14,True,True,80.28
batch1-0764,total,3766.06,5649.09,True,True,3766.06
batch1-0765,total,978.12,1467.18,True,True,978.12
batch1-0766,total,31774.49,31774.49,False,False,31774.49
batch1-0767,total,58667.76,88001.64,True,True,58667.76
batch1-0768,total,19.67,29.51,True,True,19.67
batch1-0769,total,64774.93,64774.93,False,False,64774.93
batch1-0770,total,217.48,108.74,True,True,217.48
batch1-0771,total,402.99,402.99,False,False,402.99
batch1-0772,total,195.31,97.66,True,True,195.31
batch1-0773,total,1138.5,1138.5,False,False,1138.5
batch1-0774,total,640.12,320.06,True,True,640.12
batch1-0775,total,2425.87,3638.8,True,True,2425.87
batch1-0776,total,215.03,107.52,True,True,215.03
batch1-0777,total,1133.54,566.77,True,True,1133.54
batch1-0778,total,7876.78,11815.17,True,True,7876.78
batch1-0779,total,12074.79,12074.79,False,False,12074.79
batch1-0780,total,7876.46,11814.69,True,True,7876.46
batch1-0781,total,237.49,237.49,False,False,237.49
batch1-0782,total,703.96,351.98,True,True,703.96
batch1-0783,total,309.1,154.55,True,True,309.1
batch1-0784,total,5312.84,2656.42,True,True,5312.84
batch1-0785,total,60.49,90.74,True,True,60.49
batch1-0786,total,20871.27,10435.64,True,True,20871.27
batch1-0787,total,120.51,60.26,True,True,120.51
batch1-0788,total,13.75,6.88,True,True,13.75
batch1-0789,total,5274.36,2637.18,True,True,5274.36
batch1-0790,total,4.94,2.47,True,True,4.94
batch1-0791,total,5013.8,5013.8,False,False,5013.8
batch1-0792,total,6530.55,9795.83,True,True,6530.55
batch1-0793,total,31.02,15.51,True,True,31.02
batch1-0794,total,969.8,484.9,True,True,969.8
batch1-0795,total,650.67,650.67,False,False,650.67
batch1-0796,total,882.05,441.02,True,True,882.05
batch1-0797,total,41027.47,20513.74,True,True,41027.47
batch1-0798,total,104.85,157.27,True,True,104.85
batch1-0799,total,159.8,79.9,True,True,159.8
batch1-0800,total,1935.8,967.9,True,True,1935.8
batch1-0801,total,104.45,104.45,False,False,104.45
batch1-0802,total,46660.9,46660.9,False,False,46660.9
batch1-0803,total,177.76,88.88,True,True,177.76
batch1-0804,total,4174.28,4174.28,False,False,4174.28
batch1-0805,total,13986.35,20979.52,True,True,13986.35
batch1-0806,total,193.56,96.78,True,True,193.56
batch1-0807,total,335.04,167.52,True,True,335.04
batch1-0808,total,1509.64,754.82,True,True,1509.64
batch1-0809,total,60.45,60.45,False,False,60.45
batch1-0810,total,229.17,114.58,True,True,229.17
batch1-0811,total,216.67,325.0,True,True,216.67
batch1-0812,total,72423.87,72423.87,False,False,72423.87
batch1-0813,total,901.92,1352.88,True,True,901.92
batch1-0814,total,574.51,287.26,True,True,574.51
batch1-0815,total,2188.73,1094.36,True,True,2188.73
batch1-0816,total,2172.39,1086.2,True,True,2172.39
batch1-0817,total,55378.76,55378.76,False,False,55378.76
batch1-0818,total,3619.5,3619.5,False,False,3619.5
batch1-0819,total,720.57,1080.86,True,True,720.57
batch1-0820,total,16830.0,16830.0,False,False,16830.0
batch1-0821,total,135.62,67.81,True,True,135.62
batch1-0822,total,30588.8,45883.2,True,True,30588.8
batch1-0823,total,320.94,320.94,False,False,320.94
batch1-0824,total,589.41,589.41,False,False,589.41
batch1-0825,total,95556.75,143335.12,True,True,95556.75
batch1-0826,total,3305.18,4957.77,True,True,3305.18
batch1-0827,total,32042.55,48063.82,True,True,32042.55
batch1-0828,total,1658.25,2487.38,True,True,1658.25
batch1-0829,total,328.79,328.79,False,False,328.79
batch1-0830,total,1408.94,2113.41,True,True,1408.94
batch1-0831,total,97.52,48.76,True,True,97.52
batch1-0832,total,222.58,111.29,True,True,222.58
batch1-0833,total,131.92,131.92,False,False,131.92
batch1-0834,total,18604.53,27906.8,True,True,18604.53
batch1-0835,total,142.11,142.11,False,False,142.11
batch1-0836,total,53782.93,80674.4,True,True,53782.93
batch1-0837,total,10559.0,15838.5,True,True,10559.0
batch1-0838,total,78.54,39.27,True,True,78.54
batch1-0839,total,229.79,114.9,True,True,229.79
batch1-0840,total,698.91,349.46,True,True,698.91
batch1-0841,total,64.67,64.67,False,False,64.67
batch1-0842,total,4146.5,4146.5,False,False,4146.5
batch1-0843,total,10.99,5.5,True,True,10.99
batch1-0844,total,270.28,135.14,True,True,270.28
batch1-0845,total,76.91,115.36,True,True,76.91
batch1-0846,total,97.33,146.0,True,True,97.33
batch1-0847,total,6369.92,9554.88,True,True,6369.92
batch1-0848,total,30468.27,45702.4,True,True,30468.27
batch1-0849,total,5687.3,8530.95,True,True,5687.3
batch1-0850,total,28940.34,14470.17,True,True,28940.34
batch1-0985,total,395.96,593.94,True,True,395.96
batch1-0998,total,748.24,748.24,False,False,748.24
batch1-0852,total,672.08,672.08,False,False,672.08
batch1-0865,total,65.45,65.45,False,False,65.45
batch1-0851,total,5224.97,5224.97,False,False,5224.97
batch1-0875,total,458.96,229.48,True,True,458.96
batch1-0995,total,891.0,1336.5,True,True,891.0
batch1-0994,total,36210.72,36210.72,False,False,36210.72
batch1-0902,total,181.5,90.75,True,True,181.5
batch1-0887,total,257.19,385.78,True,True,257.19
batch1-0949,total,26.94,13.47,True,True,26.94
batch1-0956,total,4.36,2.18,True,True,4.36
batch1-0996,total,2521.04,1260.52,True,True,2521.04
batch1-0999,total,1017.45,508.72,True,True,1017.45
batch1-0872,total,174.65,174.65,False,False,174.65
batch1-0862,total,605.0,302.5,True,True,605.0
batch1-0879,total,97.75,48.88,True,True,97.75
batch1-0876,total,139.66,209.49,True,True,139.66
batch1-0914,total,529.9,794.85,True,True,529.9
batch1-0905,total,557.85,278.92,True,True,557.85
batch1-0969,total,48.37,72.55,True,True,48.37
batch1-0908,total,9.0,4.5,True,True,9.0
batch1-0951,total,27.23,13.62,True,True,27.23
batch1-0899,total,26677.2,40015.8,True,True,26677.2
batch1-0913,total,6874.44,10311.66,True,True,6874.44
batch1-0974,total,3098.57,3098.57,False,False,3098.57
batch1-0982,total,819.69,409.84,True,True,819.69
batch1-0881,total,231.12,231.12,False,False,231.12
batch1-0917,total,1938.76,2908.14,True,True,1938.76
batch1-0931,total,544.46,272.23,True,True,544.46
batch1-0868,total,18454.56,9227.28,True,True,18454.56
batch1-0986,total,572.0,286.0,True,True,572.0
batch1-0976,total,549.98,549.98,False,False,549.98
batch1-0997,total,109.96,54.98,True,True,109.96
batch1-0915,total,4640.5,6960.75,True,True,4640.5
batch1-0859,total,36623.38,54935.07,True,True,36623.38
batch1-0968,total,569.21,569.21,False,False,569.21
batch1-0858,total,67719.34,33859.67,True,True,67719.34
batch1-0897,total,341.63,170.82,True,True,341.63
batch1-0874,total,65.97,98.96,True,True,65.97
batch1-0944,total,503.92,503.92,False,False,503.92
batch1-0901,total,1497.9,748.95,True,True,1497.9
batch1-0947,total,50.19,25.1,True,True,50.19
batch1-0923,total,680.34,680.34,False,False,680.34
batch1-0907,total,48416.63,24208.32,True,True,48416.63
batch1-0979,total,220.44,110.22,True,True,220.44
batch1-0912,total,82.2,41.1,True,True,82.2
batch1-0898,total,15.36,15.36,False,False,15.36
batch1-0938,total,2348.08,3522.12,True,True,2348.08
batch1-0869,total,52.44,26.22,True,True,52.44
batch1-0870,total,302.39,302.39,False,False,302.39
batch1-0988,total,29897.5,44846.25,True,True,29897.5
batch1-0930,total,471.15,471.15,False,False,471.15
batch1-0878,total,475.75,713.62,True,True,475.75
batch1-0928,total,606.66,303.33,True,True,606.66
batch1-0888,total,51.7,25.85,True,True,51.7
batch1-0959,total,65.29,65.29,False,False,65.29
batch1-0855,total,95.94,47.97,True,True,95.94
batch1-0910,total,387.09,387.09,False,False,387.09
batch1-0885,total,28.75,28.75,False,False,28.75
batch1-0892,total,664.02,332.01,True,True,664.02
batch1-0960,total,5589.55,2794.78,True,True,5589.55
batch1-0856,total,747.96,747.96,False,False,747.96
batch1-0893,total,126.08,189.12,True,True,126.08
batch1-0927,total,165.94,248.91,True,True,165.94
batch1-0957,total,264.09,132.04,True,True,264.09
batch1-0880,total,420.39,420.39,False,False,420.39
batch1-0983,total,1332.32,1332.32,False,False,1332.32
batch1-0932,total,916.21,458.1,True,True,916.21
batch1-0867,total,201.06,100.53,True,True,201.06
batch1-0965,total,16.14,16.14,False,False,16.14
batch1-0882,total,2188.91,3283.36,True,True,2188.91
batch1-0977,total,1286.99,1930.48,True,True,1286.99
batch1-0967,total,48517.63,72776.44,True,True,48517.63
batch1-0993,total,257.95,128.98,True,True,257.95
batch1-0948,total,67572.13,33786.06,True,True,67572.13
batch1-0884,total,275.0,412.5,True,True,275.0
batch1-1000,total,897.52,1346.28,True,True,897.52
batch1-0987,total,40.69,61.04,True,True,40.69
batch1-0933,total,328.83,493.24,True,True,328.83
batch1-0863,total,175.3,262.95,True,True,175.3
batch1-0909,total,497.98,746.97,True,True,497.98
batch1-0990,total,3.29,1.64,True,True,3.29
batch1-0926,total,5888.8,2944.4,True,True,5888.8
batch1-0883,total,2345.76,2345.76,False,False,2345.76
batch1-0864,total,812.56,812.56,False,False,812.56
batch1-0941,total,176.0,88.0,True,True,176.0
batch1-0961,total,36651.71,54977.56,True,True,36651.71
batch1-0970,total,35572.0,17786.0,True,True,35572.0
batch1-0903,total,111.07,166.6,True,True,111.07
batch1-0980,total,7328.87,7328.87,False,False,7328.87
batch1-0895,total,109.94,109.94,False,False,109.94
batch1-0853,total,1208.85,1208.85,False,False,1208.85
batch1-0860,total,280.5,280.5,False,False,280.5
batch1-0854,total,14.82,22.23,True,True,14.82
batch1-0891,total,4643.14,2321.57,True,True,4643.14
batch1-0978,total,934.31,467.16,True,True,934.31
batch1-0963,total,5230.4,7845.6,True,True,5230.4
batch1-0992,total,23844.07,11922.04,True,True,23844.07
batch1-0925,total,482.25,241.12,True,True,482.25
batch1-0937,total,4949.18,7423.77,True,True,4949.18
batch1-0950,total,15804.54,15804.54,False,False,15804.54
batch1-0984,total,2977.67,4466.5,True,True,2977.67
batch1-0866,total,2506.78,2506.78,False,False,2506.78
batch1-0989,total,1161.01,580.5,True,True,1161.01
batch1-0955,total,14934.73,14934.73,False,False,14934.73
batch1-0918,total,507.47,507.47,False,False,507.47
batch1-0922,total,71.39,107.08,True,True,71.39
batch1-0911,total,7110.4,7110.4,False,False,7110.4
batch1-0946,total,397.96,198.98,True,True,397.96
batch1-0929,total,614.05,614.05,False,False,614.05
batch1-0900,total,397.51,198.76,True,True,397.51
batch1-0857,total,2161.3,1080.65,True,True,2161.3
batch1-0943,total,749.99,1124.99,True,True,749.99
batch1-0890,total,15488.29,23232.44,True,True,15488.29
batch1-0871,total,6220.32,3110.16,True,True,6220.32
batch1-0942,total,3933.72,3933.72,False,False,3933.72
batch1-0971,total,488.7,244.35,True,True,488.7
batch1-0906,total,391.55,391.55,False,False,391.55
batch1-0954,total,6016.84,6016.84,False,False,6016.84
batch1-0904,total,2900.15,1450.08,True,True,2900.15
batch1-0873,total,14.82,22.23,True,True,14.82
batch1-0973,total,8679.0,13018.5,True,True,8679.0
batch1-0975,total,52697.26,52697.26,False,False,52697.26
batch1-0945,total,403.25,604.88,True,True,403.25
batch1-0920,total,116.29,174.44,True,True,116.29
batch1-0952,total,303.29,151.65,True,True,303.29
batch1-0940,total,1143.66,1715.49,True,True,1143.66
batch1-0921,total,8695.03,13042.55,True,True,8695.03
batch1-0962,total,143.0,214.5,True,True,143.0
batch1-0972,total,48801.1,48801.1,False,False,48801.1
batch1-0889,total,1080.08,540.04,True,True,1080.08
batch1-0916,total,6236.91,3118.46,True,True,6236.91
batch1-0964,total,33794.35,33794.35,False,False,33794.35
batch1-0861,total,123.09,61.54,True,True,123.09
batch1-0991,total,343.9,515.85,True,True,343.9
batch1-0877,total,345.74,518.61,True,True,345.74
batch1-0953,total,117.6,58.8,True,True,117.6
batch1-0924,total,110.0,55.0,True,True,110.0
batch1-0934,total,72257.7,108386.55,True,True,72257.7
batch1-0939,total,57483.07,28741.54,True,True,57483.07
batch1-0935,total,71.96,107.94,True,True,71.96
batch1-0896,total,978.64,1467.96,True,True,978.64
batch1-0958,total,3948.95,5923.42,True,True,3948.95
batch1-0981,total,3490.29,3490.29,False,False,3490.29
batch1-0936,total,998.53,998.53,False,False,998.53
batch1-0919,total,295.44,443.16,True,True,295.44
batch1-0966,total,160.33,240.5,True,True,160.33
batch1-0894,total,382.98,574.47,True,True,382.98
batch1-0886,total,1665.4,2498.1,True,True,1665.4
batch1-1142,total,1025.61,1025.61,False,False,1025.61
batch1-1147,total,169.34,84.67,True,True,169.34
batch1-1080,total,464.87,697.3,True,True,464.87
batch1-1146,total,10661.46,15992.19,True,True,10661.46
batch1-1090,total,293.05,293.05,False,False,293.05
batch1-1092,total,3120.51,3120.51,False,False,3120.51
batch1-1098,total,16691.02,8345.51,True,True,16691.02
batch1-1071,total,1126.13,1126.13,False,False,1126.13
batch1-1138,total,584.48,876.72,True,True,584.48
batch1-1047,total,395.99,593.98,True,True,395.99
batch1-1009,total,53078.96,79618.44,True,True,53078.96
batch1-1109,total,138.9,69.45,True,True,138.9
batch1-1027,total,10.99,10.99,False,False,10.99
batch1-1049,total,687.5,343.75,True,True,687.5
batch1-1002,total,37.38,37.38,False,False,37.38
batch1-1051,total,110.0,110.0,False,False,110.0
batch1-1145,total,167.57,167.57,False,False,167.57
batch1-1151,total,331.99,497.98,True,True,331.99
batch1-1068,total,33527.36,50291.04,True,True,33527.36
batch1-1115,total,16.47,8.24,True,True,16.47
batch1-1048,total,115.39,57.7,True,True,115.39
batch1-1134,total,577.31,288.65,True,True,577.31
batch1-1042,total,4.36,4.36,False,False,4.36
batch1-1041,total,2350.26,2350.26,False,False,2350.26
batch1-1111,total,15764.17,7882.08,True,True,15764.17
batch1-1001,total,32.97,16.48,True,True,32.97
batch1-1069,total,1152.24,1728.36,True,True,1152.24
batch1-1060,total,84274.59,42137.3,True,True,84274.59
batch1-1043,total,1186.57,593.28,True,True,1186.57
batch1-1103,total,351.96,351.96,False,False,351.96
batch1-1050,total,296.91,148.46,True,True,296.91
batch1-1086,total,262.63,131.32,True,True,262.63
batch1-1105,total,3762.43,3762.43,False,False,3762.43
batch1-1094,total,2155.98,1077.99,True,True,2155.98
batch1-1136,total,961.36,961.36,False,False,961.36
batch1-1022,total,628.0,942.0,True,True,628.0
batch1-1040,total,63.69,31.84,True,True,63.69
batch1-1140,total,1657.58,2486.37,True,True,1657.58
batch1-1088,total,119.87,179.8,True,True,119.87
batch1-1144,total,8905.77,4452.88,True,True,8905.77
batch1-1084,total,521.64,782.46,True,True,521.64
batch1-1078,total,394.34,197.17,True,True,394.34
batch1-1141,total,251.65,377.48,True,True,251.65
batch1-1087,total,354.15,177.08,True,True,354.15
batch1-1114,total,91.39,91.39,False,False,91.39
batch1-1055,total,459.79,689.68,True,True,459.79
batch1-1014,total,5906.47,2953.24,True,True,5906.47
batch1-1093,total,19938.2,29907.3,True,True,19938.2
batch1-1033,total,1102.9,551.45,True,True,1102.9
batch1-1008,total,20.72,20.72,False,False,20.72
batch1-1020,total,18561.36,9280.68,True,True,18561.36
batch1-1046,total,623.65,935.47,True,True,623.65
batch1-1064,total,648.93,648.93,False,False,648.93
batch1-1133,total,274.88,137.44,True,True,274.88
batch1-1118,total,26764.68,40147.02,True,True,26764.68
batch1-1004,total,231.39,347.08,True,True,231.39
batch1-1006,total,2089.23,3133.84,True,True,2089.23
batch1-1067,total,5.45,2.72,True,True,5.45
batch1-1121,total,76.98,38.49,True,True,76.98
batch1-1070,total,26577.76,39866.64,True,True,26577.76
batch1-1148,total,1221.77,1832.66,True,True,1221.77
batch1-1003,total,1369.5,1369.5,False,False,1369.5
batch1-1065,total,323.11,484.66,True,True,323.11
batch1-1126,total,764.24,382.12,True,True,764.24
batch1-1052,total,79238.76,118858.14,True,True,79238.76
batch1-1045,total,20710.8,10355.4,True,True,20710.8
batch1-1137,total,187.85,93.92,True,True,187.85
batch1-1073,total,47168.59,70752.88,True,True,47168.59
batch1-1100,total,500.29,750.44,True,True,500.29
batch1-1125,total,138.53,207.8,True,True,138.53
batch1-1031,total,323.84,323.84,False,False,323.84
batch1-1139,total,230.97,230.97,False,False,230.97
batch1-1106,total,432.22,432.22,False,False,432.22
batch1-1013,total,81492.41,122238.62,True,True,81492.41
batch1-1025,total,15416.49,7708.24,True,True,15416.49
batch1-1153,total,76.96,115.44,True,True,76.96
batch1-1085,total,223.01,223.01,False,False,223.01
batch1-1007,total,136.13,68.06,True,True,136.13
batch1-1089,total,146.27,73.14,True,True,146.27
batch1-1012,total,962.46,481.23,True,True,962.46
batch1-1149,total,527.95,263.98,True,True,527.95
batch1-1083,total,305.57,152.78,True,True,305.57
batch1-1135,total,3074.95,1537.48,True,True,3074.95
batch1-1152,total,2200.0,1100.0,True,True,2200.0
batch1-1062,total,5034.62,2517.31,True,True,5034.62
batch1-1123,total,37.05,18.52,True,True,37.05
batch1-1021,total,557.4,557.4,False,False,557.4
batch1-1108,total,3013.9,1506.95,True,True,3013.9
batch1-1039,total,41.8,20.9,True,True,41.8
batch1-1117,total,7598.61,11397.92,True,True,7598.61
batch1-1101,total,340.99,170.5,True,True,340.99
batch1-1005,total,3085.5,1542.75,True,True,3085.5
batch1-1079,total,437.7,218.85,True,True,437.7
batch1-1097,total,330.0,495.0,True,True,330.0
batch1-1095,total,98.96,148.44,True,True,98.96
batch1-1018,total,79.13,118.7,True,True,79.13
batch1-1054,total,640.15,960.22,True,True,640.15
batch1-1091,total,165.0,82.5,True,True,165.0
batch1-1077,total,7973.98,7973.98,False,False,7973.98
batch1-1061,total,398.16,199.08,True,True,398.16
batch1-1030,total,1800.81,2701.22,True,True,1800.81
batch1-1107,total,645.56,645.56,False,False,645.56
batch1-1037,total,272.47,136.24,True,True,272.47
batch1-1038,total,9103.46,13655.19,True,True,9103.46
batch1-1132,total,767.32,383.66,True,True,767.32
batch1-1131,total,1095.56,1095.56,False,False,1095.56
batch1-1044,total,569.69,284.85,True,True,569.69
batch1-1075,total,582.7,291.35,True,True,582.7
batch1-1081,total,46273.39,23136.7,True,True,46273.39
batch1-1130,total,6232.82,3116.41,True,True,6232.82
batch1-1074,total,1394.75,1394.75,False,False,1394.75
batch1-1113,total,720.43,720.43,False,False,720.43
batch1-1034,total,852.5,852.5,False,False,852.5
batch1-1063,total,2810.26,1405.13,True,True,2810.26
batch1-1016,total,46910.41,70365.62,True,True,46910.41
batch1-1015,total,330.0,330.0,False,False,330.0
batch1-1028,total,462.97,462.97,False,False,462.97
batch1-1058,total,73920.0,110880.0,True,True,73920.0
batch1-1127,total,686.75,1030.12,True,True,686.75
batch1-1029,total,288.15,288.15,False,False,288.15
batch1-1032,total,56338.59,84507.88,True,True,56338.59
batch1-1056,total,339.79,509.69,True,True,339.79
batch1-1035,total,12267.2,18400.8,True,True,12267.2
batch1-1066,total,2566.09,1283.04,True,True,2566.09
batch1-1116,total,1165.9,1748.85,True,True,1165.9
batch1-1059,total,127.0,190.5,True,True,127.0
batch1-1120,total,11880.0,17820.0,True,True,11880.0
batch1-1072,total,19932.0,29898.0,True,True,19932.0
batch1-1011,total,1.99,1.99,False,False,1.99
batch1-1082,total,70.14,105.21,True,True,70.14
batch1-1023,total,158.38,79.19,True,True,158.38
batch1-1128,total,403.84,201.92,True,True,403.84
batch1-1019,total,409.05,613.58,True,True,409.05
batch1-1057,total,188.89,94.44,True,True,188.89
batch1-1026,total,3157.01,1578.5,True,True,3157.01
batch1-1024,total,242.7,242.7,False,False,242.7
batch1-1110,total,2601.39,3902.08,True,True,2601.39
batch1-1036,total,3729.94,1864.97,True,True,3729.94
batch1-1129,total,1451.91,2177.87,True,True,1451.91
batch1-1112,total,412.7,619.05,True,True,412.7
batch1-1122,total,422.55,211.28,True,True,422.55
batch1-1150,total,85.76,42.88,True,True,85.76
batch1-1124,total,158.4,237.6,True,True,158.4
batch1-1099,total,4532.0,2266.0,True,True,4532.0
batch1-1076,total,4055.34,6083.01,True,True,4055.34
batch1-1096,total,5296.43,7944.64,True,True,5296.43
batch1-1143,total,1516.88,1516.88,False,False,1516.88
batch1-1017,total,412.36,618.54,True,True,412.36
batch1-1104,total,594.52,891.78,True,True,594.52
batch1-1010,total,215.04,322.56,True,True,215.04
batch1-1102,total,5902.45,2951.22,True,True,5902.45
batch1-1053,total,2595.99,1297.99,True,True,2595.99
batch1-1119,total,5826.92,2913.46,True,True,5826.92
batch1-1201,total,139.39,69.69,True,True,139.39
batch1-1230,total,58523.19,87784.78,True,True,58523.19
batch1-1334,total,274.18,137.09,True,True,274.18
batch1-1234,total,2376.0,2376.0,False,False,2376.0
batch1-1233,total,41306.81,20653.4,True,True,41306.81
batch1-1337,total,575.49,863.24,True,True,575.49
batch1-1349,total,4783.7,4783.7,False,False,4783.7
batch1-1215,total,5536.2,2768.1,True,True,5536.2
batch1-1270,total,7589.84,11384.76,True,True,7589.84
batch1-1256,total,282.82,282.82,False,False,282.82
batch1-1217,total,3714.5,3714.5,False,False,3714.5
batch1-1293,total,131.98,65.99,True,True,131.98
batch1-1306,total,999.22,499.61,True,True,999.22
batch1-1211,total,12261.98,12261.98,False,False,12261.98
batch1-1196,total,3139.95,1569.98,True,True,3139.95
batch1-1207,total,43.96,43.96,False,False,43.96
batch1-1177,total,4237.17,4237.17,False,False,4237.17
batch1-1160,total,1963.26,1963.26,False,False,1963.26
batch1-1225,total,285.95,428.92,True,True,285.95
batch1-1186,total,210.8,105.4,True,True,210.8
batch1-1249,total,1821.48,910.74,True,True,1821.48
batch1-1178,total,675.82,675.82,False,False,675.82
batch1-1338,total,768.51,768.51,False,False,768.51
batch1-1348,total,14531.03,21796.54,True,True,14531.03
batch1-1314,total,101.07,101.07,False,False,101.07
batch1-1298,total,157929.37,236894.06,True,True,157929.37
batch1-1198,total,4583.61,4583.61,False,False,4583.61
batch1-1189,total,117.7,117.7,False,False,117.7
batch1-1226,total,1393.63,2090.45,True,True,1393.63
batch1-1299,total,227.96,227.96,False,False,227.96
batch1-1324,total,64.72,64.72,False,False,64.72
batch1-1214,total,434.42,651.63,True,True,434.42
batch1-1352,total,8470.63,12705.94,True,True,8470.63
batch1-1340,total,1255.17,1255.17,False,False,1255.17
batch1-1351,total,62.46,93.69,True,True,62.46
batch1-1203,total,19.77,29.66,True,True,19.77
batch1-1213,total,2850.93,4276.39,True,True,2850.93
batch1-1246,total,234.4,234.4,False,False,234.4
batch1-1216,total,2655.37,3983.06,True,True,2655.37
batch1-1280,total,1392.84,1392.84,False,False,1392.84
batch1-1329,total,1126.13,1689.2,True,True,1126.13
batch1-1273,total,280.5,420.75,True,True,280.5
batch1-1258,total,716.43,358.22,True,True,716.43
batch1-1229,total,705.92,352.96,True,True,705.92
batch1-1212,total,6325.0,3162.5,True,True,6325.0
batch1-1190,total,174.52,261.78,True,True,174.52
batch1-1346,total,4572.37,6858.56,True,True,4572.37
batch1-1185,total,14.0,7.0,True,True,14.0
batch1-1292,total,126.23,126.23,False,False,126.23
batch1-1167,total,802.73,1204.1,True,True,802.73
batch1-1303,total,8448.88,8448.88,False,False,8448.88
batch1-1244,total,98.58,147.87,True,True,98.58
batch1-1281,total,34501.86,34501.86,False,False,34501.86
batch1-1321,total,107.09,107.09,False,False,107.09
batch1-1345,total,391.59,195.8,True,True,391.59
batch1-1309,total,940.5,470.25,True,True,940.5
batch1-1283,total,133.23,133.23,False,False,133.23
batch1-1182,total,1593.58,1593.58,False,False,1593.58
batch1-1319,total,17820.0,8910.0,True,True,17820.0
batch1-1307,total,4952.82,2476.41,True,True,4952.82
batch1-1274,total,694.9,1042.35,True,True,694.9
batch1-1344,total,816.49,408.24,True,True,816.49
batch1-1232,total,71.06,71.06,False,False,71.06
batch1-1176,total,22.0,22.0,False,False,22.0
batch1-1251,total,194.56,291.84,True,True,194.56
batch1-1263,total,22.0,11.0,True,True,22.0
batch1-1335,total,30235.98,45353.97,True,True,30235.98
batch1-1172,total,12119.61,6059.8,True,True,12119.61
batch1-1181,total,5899.43,5899.43,False,False,5899.43
batch1-1342,total,9.88,14.82,True,True,9.88
batch1-1266,total,2858.84,4288.26,True,True,2858.84
batch1-1261,total,306.44,153.22,True,True,306.44
batch1-1205,total,2015.04,2015.04,False,False,2015.04
batch1-1238,total,61.51,30.76,True,True,61.51
batch1-1328,total,327.53,327.53,False,False,327.53
batch1-1195,total,207.53,103.76,True,True,207.53
batch1-1330,total,4207.37,2103.68,True,True,4207.37
batch1-1199,total,321.32,160.66,True,True,321.32
batch1-1194,total,4254.39,6381.59,True,True,4254.39
batch1-1339,total,374.0,561.0,True,True,374.0
batch1-1287,total,173.8,260.7,True,True,173.8
batch1-1301,total,142.25,71.12,True,True,142.25
batch1-1242,total,59.0,59.0,False,False,59.0
batch1-1257,total,196.42,196.42,False,False,196.42
batch1-1188,total,879.95,879.95,False,False,879.95
batch1-1243,total,44.85,67.28,True,True,44.85
batch1-1250,total,57.2,85.8,True,True,57.2
batch1-1254,total,1416.77,2125.15,True,True,1416.77
batch1-1320,total,8332.5,12498.75,True,True,8332.5
batch1-1279,total,2807.08,1403.54,True,True,2807.08
batch1-1168,total,18230.85,9115.42,True,True,18230.85
batch1-1224,total,165.42,82.71,True,True,165.42
batch1-1247,total,1237.74,1237.74,False,False,1237.74
batch1-1336,total,169.37,254.06,True,True,169.37
batch1-1206,total,35697.02,53545.53,True,True,35697.02
batch1-1245,total,3386.35,1693.18,True,True,3386.35
batch1-1255,total,1722.39,2583.58,True,True,1722.39
batch1-1297,total,6494.81,6494.81,False,False,6494.81
batch1-1304,total,3003.09,1501.54,True,True,3003.09
batch1-1197,total,533.02,533.02,False,False,533.02
batch1-1158,total,324.41,162.21,True,True,324.41
batch1-1218,total,1627.96,813.98,True,True,1627.96
batch1-1327,total,572.0,572.0,False,False,572.0
batch1-1305,total,5873.9,5873.9,False,False,5873.9
batch1-1276,total,455.68,683.52,True,True,455.68
batch1-1236,total,27515.95,27515.95,False,False,27515.95
batch1-1165,total,6640.07,3320.04,True,True,6640.07
batch1-1202,total,14737.18,14737.18,False,False,14737.18
batch1-1155,total,172.71,259.06,True,True,172.71
batch1-1159,total,117.04,58.52,True,True,117.04
batch1-1315,total,54704.84,27352.42,True,True,54704.84
batch1-1200,total,53550.75,53550.75,False,False,53550.75
batch1-1308,total,293.4,146.7,True,True,293.4
batch1-1253,total,17124.42,25686.63,True,True,17124.42
batch1-1343,total,66614.44,99921.66,True,True,66614.44
batch1-1310,total,70065.75,105098.62,True,True,70065.75
batch1-1284,total,203.41,101.7,True,True,203.41
batch1-1169,total,4845.38,4845.38,False,False,4845.38
batch1-1231,total,188.09,188.09,False,False,188.09
batch1-1220,total,7052.49,3526.24,True,True,7052.49
batch1-1157,total,255.31,255.31,False,False,255.31
batch1-1174,total,450.54,675.81,True,True,450.54
batch1-1204,total,7098.43,3549.22,True,True,7098.43
batch1-1347,total,547.76,273.88,True,True,547.76
batch1-1187,total,153.97,230.96,True,True,153.97
batch1-1333,total,6214.89,3107.44,True,True,6214.89
batch1-1267,total,913.45,913.45,False,False,913.45
batch1-1289,total,1055.99,1055.99,False,False,1055.99
batch1-1302,total,1128.35,1128.35,False,False,1128.35
batch1-1278,total,789.2,789.2,False,False,789.2
batch1-1275,total,5536.89,2768.44,True,True,5536.89
batch1-1223,total,712.45,712.45,False,False,712.45
batch1-1291,total,50.85,50.85,False,False,50.85
batch1-1318,total,7425.0,7425.0,False,False,7425.0
batch1-1156,total,2529.57,1264.79,True,True,2529.57
batch1-1288,total,474.02,237.01,True,True,474.02
batch1-1252,total,198.0,99.0,True,True,198.0
batch1-1193,total,11021.86,5510.93,True,True,11021.86
batch1-1179,total,162.35,81.18,True,True,162.35
batch1-1259,total,397.29,595.94,True,True,397.29
batch1-1239,total,1966.71,983.36,True,True,1966.71
batch1-1264,total,177.1,88.55,True,True,177.1
batch1-1191,total,3827.98,3827.98,False,False,3827.98
batch1-1228,total,87.07,87.07,False,False,87.07
batch1-1282,total,230.63,230.63,False,False,230.63
batch1-1171,total,269.96,404.94,True,True,269.96
batch1-1271,total,362.03,181.02,True,True,362.03
batch1-1184,total,292.03,292.03,False,False,292.03
batch1-1262,total,154.74,77.37,True,True,154.74
batch1-1241,total,45653.41,45653.41,False,False,45653.41
batch1-1290,total,1512.48,2268.72,True,True,1512.48
batch1-1161,total,3046.86,1523.43,True,True,3046.86
batch1-1341,total,238.11,119.06,True,True,238.11
batch1-1272,total,61568.5,30784.25,True,True,61568.5
batch1-1265,total,63240.53,31620.26,True,True,63240.53
batch1-1268,total,904.66,904.66,False,False,904.66
batch1-1269,total,1116.62,1674.93,True,True,1116.62
batch1-1300,total,2953.35,4430.02,True,True,2953.35
batch1-1173,total,29325.79,43988.68,True,True,29325.79
batch1-1322,total,270.64,270.64,False,False,270.64
batch1-1154,total,19.22,9.61,True,True,19.22
batch1-1311,total,546.16,819.24,True,True,546.16
batch1-1260,total,362.42,181.21,True,True,362.42
batch1-1222,total,44262.48,22131.24,True,True,44262.48
batch1-1162,total,5345.89,8018.84,True,True,5345.89
batch1-1294,total,192.5,96.25,True,True,192.5
batch1-1209,total,26591.16,13295.58,True,True,26591.16
batch1-1277,total,461.26,691.89,True,True,461.26
batch1-1286,total,59.32,59.32,False,False,59.32
batch1-1317,total,478.68,478.68,False,False,478.68
batch1-1210,total,105.94,105.94,False,False,105.94
batch1-1163,total,4334.11,6501.16,True,True,4334.11
batch1-1166,total,228.71,228.71,False,False,228.71
batch1-1183,total,23454.63,11727.32,True,True,23454.63
batch1-1285,total,148.19,222.28,True,True,148.19
batch1-1325,total,39935.77,39935.77,False,False,39935.77
batch1-1208,total,6645.73,6645.73,False,False,6645.73
batch1-1164,total,44.0,22.0,True,True,44.0
batch1-1296,total,53572.82,26786.41,True,True,53572.82
batch1-1332,total,19709.8,29564.7,True,True,19709.8
batch1-1331,total,760.48,760.48,False,False,760.48
batch1-1248,total,665.43,998.14,True,True,665.43
batch1-1312,total,1980.0,2970.0,True,True,1980.0
batch1-1240,total,522.61,783.92,True,True,522.61
batch1-1235,total,20437.73,20437.73,False,False,20437.73
batch1-1313,total,1113.15,1669.72,True,True,1113.15
batch1-1192,total,295.55,443.33,True,True,295.55
batch1-1316,total,179.07,89.54,True,True,179.07
batch1-1350,total,222.18,111.09,True,True,222.18
batch1-1180,total,659.67,659.67,False,False,659.67
batch1-1227,total,82.49,82.49,False,False,82.49
batch1-1326,total,228.44,342.66,True,True,228.44
batch1-1237,total,454.72,682.08,True,True,454.72
batch1-1221,total,35342.91,35342.91,False,False,35342.91
batch1-1219,total,454.74,682.11,True,True,454.74
batch1-1170,total,92902.69,139354.04,True,True,92902.69
batch1-1295,total,182.15,91.08,True,True,182.15
batch1-1323,total,317.24,158.62,True,True,317.24
batch1-1175,total,11788.23,5894.12,True,True,11788.23
batch1-1353,total,47.37,23.68,True,True,47.37
batch1-1430,total,16179.9,16179.9,False,False,16179.9
batch1-1437,total,11032.05,11032.05,False,False,11032.05
batch1-1427,total,646.8,970.2,True,True,646.8
batch1-1475,total,6935.91,3467.96,True,True,6935.91
batch1-1478,total,659.98,989.97,True,True,659.98
batch1-1418,total,26.38,13.19,True,True,26.38
batch1-1428,total,307.89,153.94,True,True,307.89
batch1-1441,total,282.59,423.88,True,True,282.59
batch1-1470,total,400.4,400.4,False,False,400.4
batch1-1415,total,115.68,173.52,True,True,115.68
batch1-1436,total,21.52,21.52,False,False,21.52
batch1-1464,total,83.89,83.89,False,False,83.89
batch1-1419,total,42.68,21.34,True,True,42.68
batch1-1483,total,188.31,94.16,True,True,188.31
batch1-1484,total,7096.28,10644.42,True,True,7096.28
batch1-1485,total,61.42,30.71,True,True,61.42
batch1-1454,total,26.75,13.38,True,True,26.75
batch1-1360,total,559.89,279.94,True,True,559.89
batch1-1377,total,5256.04,7884.06,True,True,5256.04
batch1-1373,total,43523.4,21761.7,True,True,43523.4
batch1-1422,total,130.84,130.84,False,False,130.84
batch1-1479,total,193.02,193.02,False,False,193.02
batch1-1354,total,4268.89,6403.34,True,True,4268.89
batch1-1390,total,16.5,16.5,False,False,16.5
batch1-1455,total,797.23,797.23,False,False,797.23
batch1-1445,total,287.28,430.92,True,True,287.28
batch1-1368,total,1234.2,1234.2,False,False,1234.2
batch1-1401,total,4356.0,2178.0,True,True,4356.0
batch1-1481,total,75.57,113.35,True,True,75.57
batch1-1420,total,43.98,43.98,False,False,43.98
batch1-1488,total,129.53,194.3,True,True,129.53
batch1-1462,total,39000.6,58500.9,True,True,39000.6
batch1-1465,total,176.0,176.0,False,False,176.0
batch1-1463,total,20601.2,20601.2,False,False,20601.2
batch1-1366,total,7933.79,3966.9,True,True,7933.79
batch1-1489,total,34397.78,17198.89,True,True,34397.78
batch1-1394,total,568.49,568.49,False,False,568.49
batch1-1358,total,2349.03,1174.52,True,True,2349.03
batch1-1407,total,428.83,643.24,True,True,428.83
batch1-1432,total,2823.64,4235.46,True,True,2823.64
batch1-1486,total,38086.73,38086.73,False,False,38086.73
batch1-1449,total,270.94,135.47,True,True,270.94
batch1-1416,total,8389.96,12584.94,True,True,8389.96
batch1-1423,total,9767.56,14651.34,True,True,9767.56
batch1-1382,total,471.35,235.68,True,True,471.35
batch1-1398,total,329.91,164.96,True,True,329.91
batch1-1367,total,2750.0,2750.0,False,False,2750.0
batch1-1365,total,1474.0,2211.0,True,True,1474.0
batch1-1409,total,142.02,213.03,True,True,142.02
batch1-1425,total,58507.0,87760.5,True,True,58507.0
batch1-1450,total,386.11,386.11,False,False,386.11
batch1-1433,total,4729.96,7094.94,True,True,4729.96
batch1-1466,total,661.64,992.46,True,True,661.64
batch1-1378,total,271.12,271.12,False,False,271.12
batch1-1370,total,480.36,240.18,True,True,480.36
batch1-1386,total,280.5,140.25,True,True,280.5
batch1-1439,total,2463.78,3695.67,True,True,2463.78
batch1-1406,total,74.76,74.76,False,False,74.76
batch1-1448,total,147.13,220.7,True,True,147.13
batch1-1480,total,9556.58,4778.29,True,True,9556.58
batch1-1457,total,66.0,66.0,False,False,66.0
batch1-1402,total,56.1,28.05,True,True,56.1
batch1-1417,total,58.07,29.04,True,True,58.07
batch1-1361,total,396.0,198.0,True,True,396.0
batch1-1388,total,42402.27,63603.4,True,True,42402.27
batch1-1443,total,493.83,246.92,True,True,493.83
batch1-1369,total,4651.38,2325.69,True,True,4651.38
batch1-1444,total,835.99,418.0,True,True,835.99
batch1-1456,total,3340.78,5011.17,True,True,3340.78
batch1-1381,total,538.67,269.33,True,True,538.67
batch1-1355,total,8134.09,12201.14,True,True,8134.09
batch1-1400,total,555.37,833.06,True,True,555.37
batch1-1383,total,37.55,37.55,False,False,37.55
batch1-1473,total,102.3,153.45,True,True,102.3
batch1-1477,total,428.35,642.53,True,True,428.35
batch1-1438,total,272.65,136.32,True,True,272.65
batch1-1429,total,314.62,471.93,True,True,314.62
batch1-1421,total,197.96,296.94,True,True,197.96
batch1-1446,total,212.09,106.04,True,True,212.09
batch1-1452,total,29726.4,44589.6,True,True,29726.4
batch1-1460,total,2804.66,1402.33,True,True,2804.66
batch1-1410,total,205.81,205.81,False,False,205.81
batch1-1469,total,1129.04,1693.56,True,True,1129.04
batch1-1387,total,159.95,79.97,True,True,159.95
batch1-1458,total,5322.08,5322.08,False,False,5322.08
batch1-1451,total,1319.96,1979.94,True,True,1319.96
batch1-1482,total,35563.37,17781.69,True,True,35563.37
batch1-1357,total,552.19,552.19,False,False,552.19
batch1-1392,total,3002.98,3002.98,False,False,3002.98
batch1-1408,total,81.33,40.66,True,True,81.33
batch1-1453,total,365.2,365.2,False,False,365.2
batch1-1411,total,166.91,250.36,True,True,166.91
batch1-1461,total,833.7,1250.55,True,True,833.7
batch1-1405,total,1330.97,665.48,True,True,1330.97
batch1-1431,total,13615.89,13615.89,False,False,13615.89
batch1-1434,total,631.31,631.31,False,False,631.31
batch1-1356,total,7986.35,7986.35,False,False,7986.35
batch1-1467,total,691.06,1036.59,True,True,691.06
batch1-1413,total,27657.15,13828.58,True,True,27657.15
batch1-1372,total,879.73,1319.6,True,True,879.73
batch1-1442,total,5823.92,5823.92,False,False,5823.92
batch1-1468,total,2259.1,2259.1,False,False,2259.1
batch1-1414,total,42900.0,42900.0,False,False,42900.0
batch1-1447,total,3695.93,1847.96,True,True,3695.93
batch1-1362,total,1124.0,562.0,True,True,1124.0
batch1-1363,total,2378.99,1189.49,True,True,2378.99
batch1-1385,total,44.0,44.0,False,False,44.0
batch1-1379,total,10898.16,5449.08,True,True,10898.16
batch1-1435,total,28.24,28.24,False,False,28.24
batch1-1474,total,442.93,442.93,False,False,442.93
batch1-1364,total,94435.43,141653.14,True,True,94435.43
batch1-1424,total,106081.93,106081.93,False,False,106081.93
batch1-1487,total,5701.08,2850.54,True,True,5701.08
batch1-1393,total,538.0,538.0,False,False,538.0
batch1-1399,total,411.18,411.18,False,False,411.18
batch1-1384,total,1704.6,2556.9,True,True,1704.6
batch1-1459,total,75351.02,37675.51,True,True,75351.02
batch1-1374,total,167.16,250.74,True,True,167.16
batch1-1376,total,237.36,237.36,False,False,237.36
batch1-1403,total,219.89,109.94,True,True,219.89
batch1-1389,total,274.13,274.13,False,False,274.13
batch1-1396,total,29543.09,44314.64,True,True,29543.09
batch1-1395,total,23917.86,23917.86,False,False,23917.86
batch1-1397,total,2766.45,2766.45,False,False,2766.45
batch1-1472,total,440.0,660.0,True,True,440.0
batch1-1380,total,2298.03,1149.02,True,True,2298.03
batch1-1426,total,2553.02,2553.02,False,False,2553.02
batch1-1371,total,1473.67,736.84,True,True,1473.67
batch1-1476,total,296.02,296.02,False,False,296.02
batch1-1471,total,104.06,104.06,False,False,104.06
batch1-1404,total,3057.69,1528.84,True,True,3057.69
batch1-1359,total,410.56,410.56,False,False,410.56
batch1-1391,total,4420.79,2210.4,True,True,4420.79
batch1-1375,total,21089.9,10544.95,True,True,21089.9
batch1-1412,total,306.51,306.51,False,False,306.51
batch1-1440,total,149105.43,149105.43,False,False,149105.43
